--
-- PostgreSQL database dump
--

\restrict s1mWckCj7fCagOwrQ3uKKGxubDHWA4peG3rw3LhDcfXRunCcaOFnuazjPA15GtL

-- Dumped from database version 16.10 (Ubuntu 16.10-0ubuntu0.24.04.1)
-- Dumped by pg_dump version 16.10 (Ubuntu 16.10-0ubuntu0.24.04.1)

SET statement_timeout = 0;
SET lock_timeout = 0;
SET idle_in_transaction_session_timeout = 0;
SET client_encoding = 'UTF8';
SET standard_conforming_strings = on;
SELECT pg_catalog.set_config('search_path', '', false);
SET check_function_bodies = false;
SET xmloption = content;
SET client_min_messages = warning;
SET row_security = off;

SET default_tablespace = '';

SET default_table_access_method = heap;

--
-- Name: account_emailaddress; Type: TABLE; Schema: public; Owner: postgres
--

CREATE TABLE public.account_emailaddress (
    id integer NOT NULL,
    email character varying(254) NOT NULL,
    verified boolean NOT NULL,
    "primary" boolean NOT NULL,
    user_id bigint NOT NULL
);


ALTER TABLE public.account_emailaddress OWNER TO postgres;

--
-- Name: account_emailaddress_id_seq; Type: SEQUENCE; Schema: public; Owner: postgres
--

ALTER TABLE public.account_emailaddress ALTER COLUMN id ADD GENERATED BY DEFAULT AS IDENTITY (
    SEQUENCE NAME public.account_emailaddress_id_seq
    START WITH 1
    INCREMENT BY 1
    NO MINVALUE
    NO MAXVALUE
    CACHE 1
);


--
-- Name: account_emailconfirmation; Type: TABLE; Schema: public; Owner: postgres
--

CREATE TABLE public.account_emailconfirmation (
    id integer NOT NULL,
    created timestamp with time zone NOT NULL,
    sent timestamp with time zone,
    key character varying(64) NOT NULL,
    email_address_id integer NOT NULL
);


ALTER TABLE public.account_emailconfirmation OWNER TO postgres;

--
-- Name: account_emailconfirmation_id_seq; Type: SEQUENCE; Schema: public; Owner: postgres
--

ALTER TABLE public.account_emailconfirmation ALTER COLUMN id ADD GENERATED BY DEFAULT AS IDENTITY (
    SEQUENCE NAME public.account_emailconfirmation_id_seq
    START WITH 1
    INCREMENT BY 1
    NO MINVALUE
    NO MAXVALUE
    CACHE 1
);


--
-- Name: admin_app_banner; Type: TABLE; Schema: public; Owner: postgres
--

CREATE TABLE public.admin_app_banner (
    id bigint NOT NULL,
    name character varying(200),
    image character varying(255) NOT NULL,
    created_at date NOT NULL
);


ALTER TABLE public.admin_app_banner OWNER TO postgres;

--
-- Name: admin_app_banner_id_seq; Type: SEQUENCE; Schema: public; Owner: postgres
--

ALTER TABLE public.admin_app_banner ALTER COLUMN id ADD GENERATED BY DEFAULT AS IDENTITY (
    SEQUENCE NAME public.admin_app_banner_id_seq
    START WITH 1
    INCREMENT BY 1
    NO MINVALUE
    NO MAXVALUE
    CACHE 1
);


--
-- Name: admin_app_category; Type: TABLE; Schema: public; Owner: postgres
--

CREATE TABLE public.admin_app_category (
    id bigint NOT NULL,
    name character varying(100) NOT NULL,
    description text,
    image character varying(255),
    is_deleted boolean NOT NULL
);


ALTER TABLE public.admin_app_category OWNER TO postgres;

--
-- Name: admin_app_category_id_seq; Type: SEQUENCE; Schema: public; Owner: postgres
--

ALTER TABLE public.admin_app_category ALTER COLUMN id ADD GENERATED BY DEFAULT AS IDENTITY (
    SEQUENCE NAME public.admin_app_category_id_seq
    START WITH 1
    INCREMENT BY 1
    NO MINVALUE
    NO MAXVALUE
    CACHE 1
);


--
-- Name: admin_app_categoryoffer; Type: TABLE; Schema: public; Owner: postgres
--

CREATE TABLE public.admin_app_categoryoffer (
    id bigint NOT NULL,
    offer_percentage numeric(10,2) NOT NULL,
    start_date timestamp with time zone NOT NULL,
    end_date timestamp with time zone NOT NULL,
    category_id bigint NOT NULL,
    is_active boolean NOT NULL,
    name character varying(200) NOT NULL
);


ALTER TABLE public.admin_app_categoryoffer OWNER TO postgres;

--
-- Name: admin_app_categoryoffer_id_seq; Type: SEQUENCE; Schema: public; Owner: postgres
--

ALTER TABLE public.admin_app_categoryoffer ALTER COLUMN id ADD GENERATED BY DEFAULT AS IDENTITY (
    SEQUENCE NAME public.admin_app_categoryoffer_id_seq
    START WITH 1
    INCREMENT BY 1
    NO MINVALUE
    NO MAXVALUE
    CACHE 1
);


--
-- Name: admin_app_coupon; Type: TABLE; Schema: public; Owner: postgres
--

CREATE TABLE public.admin_app_coupon (
    id bigint NOT NULL,
    code character varying(10) NOT NULL,
    discount_value numeric(10,2) NOT NULL,
    minimum_purchase_amount numeric(10,2) NOT NULL,
    usage_limit integer,
    start_date timestamp with time zone NOT NULL,
    end_date timestamp with time zone NOT NULL,
    is_active boolean NOT NULL,
    discount_type character varying(20) NOT NULL,
    description text,
    maximum_discount_limit numeric(10,2)
);


ALTER TABLE public.admin_app_coupon OWNER TO postgres;

--
-- Name: admin_app_coupon_id_seq; Type: SEQUENCE; Schema: public; Owner: postgres
--

ALTER TABLE public.admin_app_coupon ALTER COLUMN id ADD GENERATED BY DEFAULT AS IDENTITY (
    SEQUENCE NAME public.admin_app_coupon_id_seq
    START WITH 1
    INCREMENT BY 1
    NO MINVALUE
    NO MAXVALUE
    CACHE 1
);


--
-- Name: admin_app_couponusage; Type: TABLE; Schema: public; Owner: postgres
--

CREATE TABLE public.admin_app_couponusage (
    id bigint NOT NULL,
    used_count integer NOT NULL,
    coupon_id bigint NOT NULL,
    user_id bigint NOT NULL
);


ALTER TABLE public.admin_app_couponusage OWNER TO postgres;

--
-- Name: admin_app_couponusage_id_seq; Type: SEQUENCE; Schema: public; Owner: postgres
--

ALTER TABLE public.admin_app_couponusage ALTER COLUMN id ADD GENERATED BY DEFAULT AS IDENTITY (
    SEQUENCE NAME public.admin_app_couponusage_id_seq
    START WITH 1
    INCREMENT BY 1
    NO MINVALUE
    NO MAXVALUE
    CACHE 1
);


--
-- Name: admin_app_productimage; Type: TABLE; Schema: public; Owner: postgres
--

CREATE TABLE public.admin_app_productimage (
    id bigint NOT NULL,
    image character varying(255) NOT NULL,
    product_id bigint NOT NULL
);


ALTER TABLE public.admin_app_productimage OWNER TO postgres;

--
-- Name: admin_app_productimage_id_seq; Type: SEQUENCE; Schema: public; Owner: postgres
--

ALTER TABLE public.admin_app_productimage ALTER COLUMN id ADD GENERATED BY DEFAULT AS IDENTITY (
    SEQUENCE NAME public.admin_app_productimage_id_seq
    START WITH 1
    INCREMENT BY 1
    NO MINVALUE
    NO MAXVALUE
    CACHE 1
);


--
-- Name: admin_app_productoffer; Type: TABLE; Schema: public; Owner: postgres
--

CREATE TABLE public.admin_app_productoffer (
    id bigint NOT NULL,
    offer_percentage numeric(10,2) NOT NULL,
    start_date timestamp with time zone NOT NULL,
    end_date timestamp with time zone NOT NULL,
    product_id bigint NOT NULL,
    is_active boolean NOT NULL,
    name character varying(200) NOT NULL
);


ALTER TABLE public.admin_app_productoffer OWNER TO postgres;

--
-- Name: admin_app_productoffer_id_seq; Type: SEQUENCE; Schema: public; Owner: postgres
--

ALTER TABLE public.admin_app_productoffer ALTER COLUMN id ADD GENERATED BY DEFAULT AS IDENTITY (
    SEQUENCE NAME public.admin_app_productoffer_id_seq
    START WITH 1
    INCREMENT BY 1
    NO MINVALUE
    NO MAXVALUE
    CACHE 1
);


--
-- Name: admin_app_products; Type: TABLE; Schema: public; Owner: postgres
--

CREATE TABLE public.admin_app_products (
    id bigint NOT NULL,
    is_deleted boolean NOT NULL,
    name character varying(100) NOT NULL,
    description text,
    status character varying(20) NOT NULL,
    category_id bigint NOT NULL
);


ALTER TABLE public.admin_app_products OWNER TO postgres;

--
-- Name: admin_app_products_id_seq; Type: SEQUENCE; Schema: public; Owner: postgres
--

ALTER TABLE public.admin_app_products ALTER COLUMN id ADD GENERATED BY DEFAULT AS IDENTITY (
    SEQUENCE NAME public.admin_app_products_id_seq
    START WITH 1
    INCREMENT BY 1
    NO MINVALUE
    NO MAXVALUE
    CACHE 1
);


--
-- Name: admin_app_productvariant; Type: TABLE; Schema: public; Owner: postgres
--

CREATE TABLE public.admin_app_productvariant (
    id bigint NOT NULL,
    weight integer NOT NULL,
    unit character varying NOT NULL,
    quantity_stock integer NOT NULL,
    price numeric(10,2) NOT NULL,
    status character varying(20) NOT NULL,
    created_at date NOT NULL,
    updated_at date NOT NULL,
    is_deleted boolean NOT NULL,
    product_id bigint NOT NULL
);


ALTER TABLE public.admin_app_productvariant OWNER TO postgres;

--
-- Name: admin_app_productvariant_id_seq; Type: SEQUENCE; Schema: public; Owner: postgres
--

ALTER TABLE public.admin_app_productvariant ALTER COLUMN id ADD GENERATED BY DEFAULT AS IDENTITY (
    SEQUENCE NAME public.admin_app_productvariant_id_seq
    START WITH 1
    INCREMENT BY 1
    NO MINVALUE
    NO MAXVALUE
    CACHE 1
);


--
-- Name: auth_group; Type: TABLE; Schema: public; Owner: postgres
--

CREATE TABLE public.auth_group (
    id integer NOT NULL,
    name character varying(150) NOT NULL
);


ALTER TABLE public.auth_group OWNER TO postgres;

--
-- Name: auth_group_id_seq; Type: SEQUENCE; Schema: public; Owner: postgres
--

ALTER TABLE public.auth_group ALTER COLUMN id ADD GENERATED BY DEFAULT AS IDENTITY (
    SEQUENCE NAME public.auth_group_id_seq
    START WITH 1
    INCREMENT BY 1
    NO MINVALUE
    NO MAXVALUE
    CACHE 1
);


--
-- Name: auth_group_permissions; Type: TABLE; Schema: public; Owner: postgres
--

CREATE TABLE public.auth_group_permissions (
    id bigint NOT NULL,
    group_id integer NOT NULL,
    permission_id integer NOT NULL
);


ALTER TABLE public.auth_group_permissions OWNER TO postgres;

--
-- Name: auth_group_permissions_id_seq; Type: SEQUENCE; Schema: public; Owner: postgres
--

ALTER TABLE public.auth_group_permissions ALTER COLUMN id ADD GENERATED BY DEFAULT AS IDENTITY (
    SEQUENCE NAME public.auth_group_permissions_id_seq
    START WITH 1
    INCREMENT BY 1
    NO MINVALUE
    NO MAXVALUE
    CACHE 1
);


--
-- Name: auth_permission; Type: TABLE; Schema: public; Owner: postgres
--

CREATE TABLE public.auth_permission (
    id integer NOT NULL,
    name character varying(255) NOT NULL,
    content_type_id integer NOT NULL,
    codename character varying(100) NOT NULL
);


ALTER TABLE public.auth_permission OWNER TO postgres;

--
-- Name: auth_permission_id_seq; Type: SEQUENCE; Schema: public; Owner: postgres
--

ALTER TABLE public.auth_permission ALTER COLUMN id ADD GENERATED BY DEFAULT AS IDENTITY (
    SEQUENCE NAME public.auth_permission_id_seq
    START WITH 1
    INCREMENT BY 1
    NO MINVALUE
    NO MAXVALUE
    CACHE 1
);


--
-- Name: django_admin_log; Type: TABLE; Schema: public; Owner: postgres
--

CREATE TABLE public.django_admin_log (
    id integer NOT NULL,
    action_time timestamp with time zone NOT NULL,
    object_id text,
    object_repr character varying(200) NOT NULL,
    action_flag smallint NOT NULL,
    change_message text NOT NULL,
    content_type_id integer,
    user_id bigint NOT NULL,
    CONSTRAINT django_admin_log_action_flag_check CHECK ((action_flag >= 0))
);


ALTER TABLE public.django_admin_log OWNER TO postgres;

--
-- Name: django_admin_log_id_seq; Type: SEQUENCE; Schema: public; Owner: postgres
--

ALTER TABLE public.django_admin_log ALTER COLUMN id ADD GENERATED BY DEFAULT AS IDENTITY (
    SEQUENCE NAME public.django_admin_log_id_seq
    START WITH 1
    INCREMENT BY 1
    NO MINVALUE
    NO MAXVALUE
    CACHE 1
);


--
-- Name: django_content_type; Type: TABLE; Schema: public; Owner: postgres
--

CREATE TABLE public.django_content_type (
    id integer NOT NULL,
    app_label character varying(100) NOT NULL,
    model character varying(100) NOT NULL
);


ALTER TABLE public.django_content_type OWNER TO postgres;

--
-- Name: django_content_type_id_seq; Type: SEQUENCE; Schema: public; Owner: postgres
--

ALTER TABLE public.django_content_type ALTER COLUMN id ADD GENERATED BY DEFAULT AS IDENTITY (
    SEQUENCE NAME public.django_content_type_id_seq
    START WITH 1
    INCREMENT BY 1
    NO MINVALUE
    NO MAXVALUE
    CACHE 1
);


--
-- Name: django_migrations; Type: TABLE; Schema: public; Owner: postgres
--

CREATE TABLE public.django_migrations (
    id bigint NOT NULL,
    app character varying(255) NOT NULL,
    name character varying(255) NOT NULL,
    applied timestamp with time zone NOT NULL
);


ALTER TABLE public.django_migrations OWNER TO postgres;

--
-- Name: django_migrations_id_seq; Type: SEQUENCE; Schema: public; Owner: postgres
--

ALTER TABLE public.django_migrations ALTER COLUMN id ADD GENERATED BY DEFAULT AS IDENTITY (
    SEQUENCE NAME public.django_migrations_id_seq
    START WITH 1
    INCREMENT BY 1
    NO MINVALUE
    NO MAXVALUE
    CACHE 1
);


--
-- Name: django_session; Type: TABLE; Schema: public; Owner: postgres
--

CREATE TABLE public.django_session (
    session_key character varying(40) NOT NULL,
    session_data text NOT NULL,
    expire_date timestamp with time zone NOT NULL
);


ALTER TABLE public.django_session OWNER TO postgres;

--
-- Name: django_site; Type: TABLE; Schema: public; Owner: postgres
--

CREATE TABLE public.django_site (
    id integer NOT NULL,
    domain character varying(100) NOT NULL,
    name character varying(50) NOT NULL
);


ALTER TABLE public.django_site OWNER TO postgres;

--
-- Name: django_site_id_seq; Type: SEQUENCE; Schema: public; Owner: postgres
--

ALTER TABLE public.django_site ALTER COLUMN id ADD GENERATED BY DEFAULT AS IDENTITY (
    SEQUENCE NAME public.django_site_id_seq
    START WITH 1
    INCREMENT BY 1
    NO MINVALUE
    NO MAXVALUE
    CACHE 1
);


--
-- Name: socialaccount_socialaccount; Type: TABLE; Schema: public; Owner: postgres
--

CREATE TABLE public.socialaccount_socialaccount (
    id integer NOT NULL,
    provider character varying(200) NOT NULL,
    uid character varying(191) NOT NULL,
    last_login timestamp with time zone NOT NULL,
    date_joined timestamp with time zone NOT NULL,
    extra_data jsonb NOT NULL,
    user_id bigint NOT NULL
);


ALTER TABLE public.socialaccount_socialaccount OWNER TO postgres;

--
-- Name: socialaccount_socialaccount_id_seq; Type: SEQUENCE; Schema: public; Owner: postgres
--

ALTER TABLE public.socialaccount_socialaccount ALTER COLUMN id ADD GENERATED BY DEFAULT AS IDENTITY (
    SEQUENCE NAME public.socialaccount_socialaccount_id_seq
    START WITH 1
    INCREMENT BY 1
    NO MINVALUE
    NO MAXVALUE
    CACHE 1
);


--
-- Name: socialaccount_socialapp; Type: TABLE; Schema: public; Owner: postgres
--

CREATE TABLE public.socialaccount_socialapp (
    id integer NOT NULL,
    provider character varying(30) NOT NULL,
    name character varying(40) NOT NULL,
    client_id character varying(191) NOT NULL,
    secret character varying(191) NOT NULL,
    key character varying(191) NOT NULL,
    provider_id character varying(200) NOT NULL,
    settings jsonb NOT NULL
);


ALTER TABLE public.socialaccount_socialapp OWNER TO postgres;

--
-- Name: socialaccount_socialapp_id_seq; Type: SEQUENCE; Schema: public; Owner: postgres
--

ALTER TABLE public.socialaccount_socialapp ALTER COLUMN id ADD GENERATED BY DEFAULT AS IDENTITY (
    SEQUENCE NAME public.socialaccount_socialapp_id_seq
    START WITH 1
    INCREMENT BY 1
    NO MINVALUE
    NO MAXVALUE
    CACHE 1
);


--
-- Name: socialaccount_socialapp_sites; Type: TABLE; Schema: public; Owner: postgres
--

CREATE TABLE public.socialaccount_socialapp_sites (
    id bigint NOT NULL,
    socialapp_id integer NOT NULL,
    site_id integer NOT NULL
);


ALTER TABLE public.socialaccount_socialapp_sites OWNER TO postgres;

--
-- Name: socialaccount_socialapp_sites_id_seq; Type: SEQUENCE; Schema: public; Owner: postgres
--

ALTER TABLE public.socialaccount_socialapp_sites ALTER COLUMN id ADD GENERATED BY DEFAULT AS IDENTITY (
    SEQUENCE NAME public.socialaccount_socialapp_sites_id_seq
    START WITH 1
    INCREMENT BY 1
    NO MINVALUE
    NO MAXVALUE
    CACHE 1
);


--
-- Name: socialaccount_socialtoken; Type: TABLE; Schema: public; Owner: postgres
--

CREATE TABLE public.socialaccount_socialtoken (
    id integer NOT NULL,
    token text NOT NULL,
    token_secret text NOT NULL,
    expires_at timestamp with time zone,
    account_id integer NOT NULL,
    app_id integer
);


ALTER TABLE public.socialaccount_socialtoken OWNER TO postgres;

--
-- Name: socialaccount_socialtoken_id_seq; Type: SEQUENCE; Schema: public; Owner: postgres
--

ALTER TABLE public.socialaccount_socialtoken ALTER COLUMN id ADD GENERATED BY DEFAULT AS IDENTITY (
    SEQUENCE NAME public.socialaccount_socialtoken_id_seq
    START WITH 1
    INCREMENT BY 1
    NO MINVALUE
    NO MAXVALUE
    CACHE 1
);


--
-- Name: user_app_cart; Type: TABLE; Schema: public; Owner: postgres
--

CREATE TABLE public.user_app_cart (
    id bigint NOT NULL,
    created_at date NOT NULL,
    user_id bigint NOT NULL
);


ALTER TABLE public.user_app_cart OWNER TO postgres;

--
-- Name: user_app_cart_id_seq; Type: SEQUENCE; Schema: public; Owner: postgres
--

ALTER TABLE public.user_app_cart ALTER COLUMN id ADD GENERATED BY DEFAULT AS IDENTITY (
    SEQUENCE NAME public.user_app_cart_id_seq
    START WITH 1
    INCREMENT BY 1
    NO MINVALUE
    NO MAXVALUE
    CACHE 1
);


--
-- Name: user_app_cartitem; Type: TABLE; Schema: public; Owner: postgres
--

CREATE TABLE public.user_app_cartitem (
    id bigint NOT NULL,
    quantity integer NOT NULL,
    updated_at timestamp with time zone NOT NULL,
    cart_id bigint NOT NULL,
    product_id bigint NOT NULL,
    CONSTRAINT user_app_cartitem_quantity_check CHECK ((quantity >= 0))
);


ALTER TABLE public.user_app_cartitem OWNER TO postgres;

--
-- Name: user_app_cartitem_id_seq; Type: SEQUENCE; Schema: public; Owner: postgres
--

ALTER TABLE public.user_app_cartitem ALTER COLUMN id ADD GENERATED BY DEFAULT AS IDENTITY (
    SEQUENCE NAME public.user_app_cartitem_id_seq
    START WITH 1
    INCREMENT BY 1
    NO MINVALUE
    NO MAXVALUE
    CACHE 1
);


--
-- Name: user_app_customuser; Type: TABLE; Schema: public; Owner: postgres
--

CREATE TABLE public.user_app_customuser (
    id bigint NOT NULL,
    password character varying(128) NOT NULL,
    last_login timestamp with time zone,
    email character varying(254) NOT NULL,
    firstname character varying(100) NOT NULL,
    lastname character varying(100) NOT NULL,
    phone_number character varying(15) NOT NULL,
    is_active boolean NOT NULL,
    is_admin boolean NOT NULL,
    is_blocked boolean NOT NULL,
    is_staff boolean NOT NULL,
    is_superuser boolean NOT NULL,
    date_joined timestamp with time zone NOT NULL,
    "referralID" character varying,
    referred_by_id bigint
);


ALTER TABLE public.user_app_customuser OWNER TO postgres;

--
-- Name: user_app_customuser_groups; Type: TABLE; Schema: public; Owner: postgres
--

CREATE TABLE public.user_app_customuser_groups (
    id bigint NOT NULL,
    customuser_id bigint NOT NULL,
    group_id integer NOT NULL
);


ALTER TABLE public.user_app_customuser_groups OWNER TO postgres;

--
-- Name: user_app_customuser_groups_id_seq; Type: SEQUENCE; Schema: public; Owner: postgres
--

ALTER TABLE public.user_app_customuser_groups ALTER COLUMN id ADD GENERATED BY DEFAULT AS IDENTITY (
    SEQUENCE NAME public.user_app_customuser_groups_id_seq
    START WITH 1
    INCREMENT BY 1
    NO MINVALUE
    NO MAXVALUE
    CACHE 1
);


--
-- Name: user_app_customuser_id_seq; Type: SEQUENCE; Schema: public; Owner: postgres
--

ALTER TABLE public.user_app_customuser ALTER COLUMN id ADD GENERATED BY DEFAULT AS IDENTITY (
    SEQUENCE NAME public.user_app_customuser_id_seq
    START WITH 1
    INCREMENT BY 1
    NO MINVALUE
    NO MAXVALUE
    CACHE 1
);


--
-- Name: user_app_customuser_user_permissions; Type: TABLE; Schema: public; Owner: postgres
--

CREATE TABLE public.user_app_customuser_user_permissions (
    id bigint NOT NULL,
    customuser_id bigint NOT NULL,
    permission_id integer NOT NULL
);


ALTER TABLE public.user_app_customuser_user_permissions OWNER TO postgres;

--
-- Name: user_app_customuser_user_permissions_id_seq; Type: SEQUENCE; Schema: public; Owner: postgres
--

ALTER TABLE public.user_app_customuser_user_permissions ALTER COLUMN id ADD GENERATED BY DEFAULT AS IDENTITY (
    SEQUENCE NAME public.user_app_customuser_user_permissions_id_seq
    START WITH 1
    INCREMENT BY 1
    NO MINVALUE
    NO MAXVALUE
    CACHE 1
);


--
-- Name: user_app_orderitem; Type: TABLE; Schema: public; Owner: postgres
--

CREATE TABLE public.user_app_orderitem (
    id bigint NOT NULL,
    quantity integer NOT NULL,
    price numeric(10,2) NOT NULL,
    cancellation_reason text,
    status character varying(20) NOT NULL,
    payment_status character varying(20) NOT NULL,
    approval_status character varying(20) NOT NULL,
    product_id bigint NOT NULL,
    order_id bigint NOT NULL,
    unit_price numeric(10,2) NOT NULL,
    CONSTRAINT user_app_orderitem_quantity_check CHECK ((quantity >= 0))
);


ALTER TABLE public.user_app_orderitem OWNER TO postgres;

--
-- Name: user_app_orderitem_id_seq; Type: SEQUENCE; Schema: public; Owner: postgres
--

ALTER TABLE public.user_app_orderitem ALTER COLUMN id ADD GENERATED BY DEFAULT AS IDENTITY (
    SEQUENCE NAME public.user_app_orderitem_id_seq
    START WITH 1
    INCREMENT BY 1
    NO MINVALUE
    NO MAXVALUE
    CACHE 1
);


--
-- Name: user_app_orderreturn; Type: TABLE; Schema: public; Owner: postgres
--

CREATE TABLE public.user_app_orderreturn (
    id bigint NOT NULL,
    return_choice character varying(100),
    approval_status character varying(200),
    return_reason text NOT NULL,
    image character varying(255),
    created_at timestamp with time zone NOT NULL,
    item_id bigint NOT NULL,
    user_id bigint NOT NULL
);


ALTER TABLE public.user_app_orderreturn OWNER TO postgres;

--
-- Name: user_app_orderreturn_id_seq; Type: SEQUENCE; Schema: public; Owner: postgres
--

ALTER TABLE public.user_app_orderreturn ALTER COLUMN id ADD GENERATED BY DEFAULT AS IDENTITY (
    SEQUENCE NAME public.user_app_orderreturn_id_seq
    START WITH 1
    INCREMENT BY 1
    NO MINVALUE
    NO MAXVALUE
    CACHE 1
);


--
-- Name: user_app_orders; Type: TABLE; Schema: public; Owner: postgres
--

CREATE TABLE public.user_app_orders (
    id bigint NOT NULL,
    "orderID" character varying(20) NOT NULL,
    item_count integer NOT NULL,
    total_price numeric(10,2) NOT NULL,
    created_at timestamp with time zone NOT NULL,
    updated_at timestamp with time zone NOT NULL,
    is_deleted boolean NOT NULL,
    payment_method character varying NOT NULL,
    delivery_charge numeric(10,2) NOT NULL,
    discount numeric(10,2) NOT NULL,
    razorpay_order_id character varying(255),
    is_paid boolean NOT NULL,
    user_id bigint NOT NULL,
    address_id bigint NOT NULL,
    coupon_id bigint,
    total_price_before_discount numeric(10,2) NOT NULL,
    CONSTRAINT user_app_orders_item_count_check CHECK ((item_count >= 0))
);


ALTER TABLE public.user_app_orders OWNER TO postgres;

--
-- Name: user_app_orders_id_seq; Type: SEQUENCE; Schema: public; Owner: postgres
--

ALTER TABLE public.user_app_orders ALTER COLUMN id ADD GENERATED BY DEFAULT AS IDENTITY (
    SEQUENCE NAME public.user_app_orders_id_seq
    START WITH 1
    INCREMENT BY 1
    NO MINVALUE
    NO MAXVALUE
    CACHE 1
);


--
-- Name: user_app_referral; Type: TABLE; Schema: public; Owner: postgres
--

CREATE TABLE public.user_app_referral (
    id bigint NOT NULL,
    reward_given boolean NOT NULL,
    reward_amount numeric(10,2) NOT NULL,
    created_at timestamp with time zone NOT NULL,
    referred_user_id bigint NOT NULL,
    referrer_id bigint NOT NULL
);


ALTER TABLE public.user_app_referral OWNER TO postgres;

--
-- Name: user_app_referral_id_seq; Type: SEQUENCE; Schema: public; Owner: postgres
--

ALTER TABLE public.user_app_referral ALTER COLUMN id ADD GENERATED BY DEFAULT AS IDENTITY (
    SEQUENCE NAME public.user_app_referral_id_seq
    START WITH 1
    INCREMENT BY 1
    NO MINVALUE
    NO MAXVALUE
    CACHE 1
);


--
-- Name: user_app_review; Type: TABLE; Schema: public; Owner: postgres
--

CREATE TABLE public.user_app_review (
    id bigint NOT NULL,
    comment text NOT NULL,
    rating integer NOT NULL,
    product_id bigint NOT NULL,
    user_id bigint,
    image character varying(255),
    created_at date
);


ALTER TABLE public.user_app_review OWNER TO postgres;

--
-- Name: user_app_review_id_seq; Type: SEQUENCE; Schema: public; Owner: postgres
--

ALTER TABLE public.user_app_review ALTER COLUMN id ADD GENERATED BY DEFAULT AS IDENTITY (
    SEQUENCE NAME public.user_app_review_id_seq
    START WITH 1
    INCREMENT BY 1
    NO MINVALUE
    NO MAXVALUE
    CACHE 1
);


--
-- Name: user_app_useraddress; Type: TABLE; Schema: public; Owner: postgres
--

CREATE TABLE public.user_app_useraddress (
    id bigint NOT NULL,
    house_name character varying(200) NOT NULL,
    street character varying(50) NOT NULL,
    landmark character varying(100) NOT NULL,
    city character varying(50) NOT NULL,
    pincode integer NOT NULL,
    state character varying(50) NOT NULL,
    image character varying(255),
    created_at date NOT NULL,
    updated_at date NOT NULL,
    is_deleted boolean NOT NULL,
    is_primary boolean NOT NULL,
    user_id bigint NOT NULL
);


ALTER TABLE public.user_app_useraddress OWNER TO postgres;

--
-- Name: user_app_useraddress_id_seq; Type: SEQUENCE; Schema: public; Owner: postgres
--

ALTER TABLE public.user_app_useraddress ALTER COLUMN id ADD GENERATED BY DEFAULT AS IDENTITY (
    SEQUENCE NAME public.user_app_useraddress_id_seq
    START WITH 1
    INCREMENT BY 1
    NO MINVALUE
    NO MAXVALUE
    CACHE 1
);


--
-- Name: user_app_wallet; Type: TABLE; Schema: public; Owner: postgres
--

CREATE TABLE public.user_app_wallet (
    id bigint NOT NULL,
    balance numeric(10,2) NOT NULL,
    user_id bigint NOT NULL
);


ALTER TABLE public.user_app_wallet OWNER TO postgres;

--
-- Name: user_app_wallet_id_seq; Type: SEQUENCE; Schema: public; Owner: postgres
--

ALTER TABLE public.user_app_wallet ALTER COLUMN id ADD GENERATED BY DEFAULT AS IDENTITY (
    SEQUENCE NAME public.user_app_wallet_id_seq
    START WITH 1
    INCREMENT BY 1
    NO MINVALUE
    NO MAXVALUE
    CACHE 1
);


--
-- Name: user_app_wallettransaction; Type: TABLE; Schema: public; Owner: postgres
--

CREATE TABLE public.user_app_wallettransaction (
    id bigint NOT NULL,
    amount numeric(10,2) NOT NULL,
    transaction_type character varying(200) NOT NULL,
    is_paid boolean NOT NULL,
    razorpay_order_id character varying(255),
    created_at timestamp with time zone NOT NULL,
    wallet_id bigint NOT NULL,
    "transactionID" character varying(20) NOT NULL,
    order_id bigint,
    source character varying(150) NOT NULL
);


ALTER TABLE public.user_app_wallettransaction OWNER TO postgres;

--
-- Name: user_app_wallettransaction_id_seq; Type: SEQUENCE; Schema: public; Owner: postgres
--

ALTER TABLE public.user_app_wallettransaction ALTER COLUMN id ADD GENERATED BY DEFAULT AS IDENTITY (
    SEQUENCE NAME public.user_app_wallettransaction_id_seq
    START WITH 1
    INCREMENT BY 1
    NO MINVALUE
    NO MAXVALUE
    CACHE 1
);


--
-- Name: user_app_wishlist; Type: TABLE; Schema: public; Owner: postgres
--

CREATE TABLE public.user_app_wishlist (
    id bigint NOT NULL,
    created_at timestamp with time zone NOT NULL,
    user_id bigint NOT NULL
);


ALTER TABLE public.user_app_wishlist OWNER TO postgres;

--
-- Name: user_app_wishlist_id_seq; Type: SEQUENCE; Schema: public; Owner: postgres
--

ALTER TABLE public.user_app_wishlist ALTER COLUMN id ADD GENERATED BY DEFAULT AS IDENTITY (
    SEQUENCE NAME public.user_app_wishlist_id_seq
    START WITH 1
    INCREMENT BY 1
    NO MINVALUE
    NO MAXVALUE
    CACHE 1
);


--
-- Name: user_app_wishlistitem; Type: TABLE; Schema: public; Owner: postgres
--

CREATE TABLE public.user_app_wishlistitem (
    id bigint NOT NULL,
    product_id bigint NOT NULL,
    wishlist_id bigint NOT NULL
);


ALTER TABLE public.user_app_wishlistitem OWNER TO postgres;

--
-- Name: user_app_wishlistitem_id_seq; Type: SEQUENCE; Schema: public; Owner: postgres
--

ALTER TABLE public.user_app_wishlistitem ALTER COLUMN id ADD GENERATED BY DEFAULT AS IDENTITY (
    SEQUENCE NAME public.user_app_wishlistitem_id_seq
    START WITH 1
    INCREMENT BY 1
    NO MINVALUE
    NO MAXVALUE
    CACHE 1
);


--
-- Data for Name: account_emailaddress; Type: TABLE DATA; Schema: public; Owner: postgres
--

COPY public.account_emailaddress (id, email, verified, "primary", user_id) FROM stdin;
1	shahinaajmal162@gmail.com	t	t	1
\.


--
-- Data for Name: account_emailconfirmation; Type: TABLE DATA; Schema: public; Owner: postgres
--

COPY public.account_emailconfirmation (id, created, sent, key, email_address_id) FROM stdin;
\.


--
-- Data for Name: admin_app_banner; Type: TABLE DATA; Schema: public; Owner: postgres
--

COPY public.admin_app_banner (id, name, image, created_at) FROM stdin;
7	\N	image/upload/v1764238614/f8seiw1ew7c3998jualt.png	2025-11-27
\.


--
-- Data for Name: admin_app_category; Type: TABLE DATA; Schema: public; Owner: postgres
--

COPY public.admin_app_category (id, name, description, image, is_deleted) FROM stdin;
1	Dates	The fruit is a one-seeded drupe, with a hard, oblong seed (pit or kernel) surrounded by a fleshy mesocarp and a thin outer layer called the epicarp.  The color of the fruit varies significantly depending on the variety and ripening stage, ranging from bright red and yellow to dark brown	image/upload/v1764073901/ijpqfhi1ofw18vx4eqox.webp	f
2	Nuts	A nut is a type of fruit characterized by a hard or tough nutshell that protects an edible kernel.  Botanically, a nut is a dry, indehiscent fruit with a woody pericarp that develops from a syncarpous gynoecium and does not split open at maturity to release its single seed.	image/upload/v1764073960/excfydmqld7i2kbmr52w.webp	f
3	Dry Fruits	Dry fruits are fruits from which the majority of the original water content has been removed through natural processes like sun drying or artificial methods such as using dehydrators or industrial dryers	image/upload/v1764242240/hpepakky6raa1tejq60r.webp	f
4	Seeds	It contains a miniature undeveloped plant, known as the embryo, which develops from the zygote, along with stored nutrients in the form of endosperm or cotyledons to support early growth.	image/upload/v1764242339/g9duvtaw9fdrvay9rufz.webp	f
\.


--
-- Data for Name: admin_app_categoryoffer; Type: TABLE DATA; Schema: public; Owner: postgres
--

COPY public.admin_app_categoryoffer (id, offer_percentage, start_date, end_date, category_id, is_active, name) FROM stdin;
\.


--
-- Data for Name: admin_app_coupon; Type: TABLE DATA; Schema: public; Owner: postgres
--

COPY public.admin_app_coupon (id, code, discount_value, minimum_purchase_amount, usage_limit, start_date, end_date, is_active, discount_type, description, maximum_discount_limit) FROM stdin;
6	save70	20.00	500.00	2	2025-12-01 05:30:00+05:30	2025-12-02 05:30:00+05:30	t	percentage		10000.00
\.


--
-- Data for Name: admin_app_couponusage; Type: TABLE DATA; Schema: public; Owner: postgres
--

COPY public.admin_app_couponusage (id, used_count, coupon_id, user_id) FROM stdin;
2	2	6	7
3	2	6	6
\.


--
-- Data for Name: admin_app_productimage; Type: TABLE DATA; Schema: public; Owner: postgres
--

COPY public.admin_app_productimage (id, image, product_id) FROM stdin;
1	https://res.cloudinary.com/dy7qagebv/image/upload/v1764074152/products/dmib9nsdvzfuncmnrein.png	1
2	https://res.cloudinary.com/dy7qagebv/image/upload/v1764074154/products/ayjdoi5ermcdma9u60ij.png	1
3	https://res.cloudinary.com/dy7qagebv/image/upload/v1764074157/products/ur86acbibz6sj1m9vmd7.png	1
4	https://res.cloudinary.com/dy7qagebv/image/upload/v1764074264/products/gh16ozz500i6hc8znd47.png	2
5	https://res.cloudinary.com/dy7qagebv/image/upload/v1764074266/products/wfycaw96xz4s8nfad3q7.png	2
6	https://res.cloudinary.com/dy7qagebv/image/upload/v1764074268/products/qtkqqc4qgfpsmn8bfnfi.png	2
7	https://res.cloudinary.com/dy7qagebv/image/upload/v1764074393/products/ozokjer8kpfsgzujvz5p.png	3
8	https://res.cloudinary.com/dy7qagebv/image/upload/v1764074395/products/gprfn73hectsjxnnxddn.png	3
9	https://res.cloudinary.com/dy7qagebv/image/upload/v1764074397/products/udspbqxssgkjpq1alwos.png	3
10	https://res.cloudinary.com/dy7qagebv/image/upload/v1764242491/products/eubyxmhi41wazmbme944.png	4
11	https://res.cloudinary.com/dy7qagebv/image/upload/v1764242493/products/u3rqlaynzl1h6o5mpenr.png	4
12	https://res.cloudinary.com/dy7qagebv/image/upload/v1764242496/products/y29drzhtrgwdbzyi8eqv.png	4
13	https://res.cloudinary.com/dy7qagebv/image/upload/v1764242626/products/rd6m1qgan5rnpveeqz9t.png	5
14	https://res.cloudinary.com/dy7qagebv/image/upload/v1764242627/products/iwlw9y5duueylfksbwbz.png	5
15	https://res.cloudinary.com/dy7qagebv/image/upload/v1764242629/products/huxxqvufvzjdht8mqrvz.png	5
16	https://res.cloudinary.com/dy7qagebv/image/upload/v1764242791/products/jl1hth9q0kqzdnx96hgr.png	6
17	https://res.cloudinary.com/dy7qagebv/image/upload/v1764242792/products/dwvwh0ail1brnj0zk4ug.png	6
18	https://res.cloudinary.com/dy7qagebv/image/upload/v1764242793/products/rnpu8pclxyudbjtihzbx.png	6
19	https://res.cloudinary.com/dy7qagebv/image/upload/v1764242794/products/t6sw6enezzmyqq6f1fjr.png	7
20	https://res.cloudinary.com/dy7qagebv/image/upload/v1764242796/products/lf5lxpk0qkttmnm1fdqq.png	7
21	https://res.cloudinary.com/dy7qagebv/image/upload/v1764242797/products/x5mu9md2dgxgk8rrm47r.png	7
22	https://res.cloudinary.com/dy7qagebv/image/upload/v1764245409/products/wqr8verq5xeq2b6asiwm.png	8
23	https://res.cloudinary.com/dy7qagebv/image/upload/v1764245411/products/omcrr6bxyy6e40ff2c8x.png	8
24	https://res.cloudinary.com/dy7qagebv/image/upload/v1764245412/products/y5lgu5whgtuo9k85jt10.png	8
25	https://res.cloudinary.com/dy7qagebv/image/upload/v1764265000/products/yajfk2ebggmk0c0yliun.png	9
26	https://res.cloudinary.com/dy7qagebv/image/upload/v1764265002/products/r8qiw0z081bajcyfrbao.png	9
27	https://res.cloudinary.com/dy7qagebv/image/upload/v1764265004/products/ljtueqkuueaq17qnjbpj.png	9
\.


--
-- Data for Name: admin_app_productoffer; Type: TABLE DATA; Schema: public; Owner: postgres
--

COPY public.admin_app_productoffer (id, offer_percentage, start_date, end_date, product_id, is_active, name) FROM stdin;
3	10.00	2025-12-01 05:30:00+05:30	2025-12-02 05:30:00+05:30	1	t	null
\.


--
-- Data for Name: admin_app_products; Type: TABLE DATA; Schema: public; Owner: postgres
--

COPY public.admin_app_products (id, is_deleted, name, description, status, category_id) FROM stdin;
6	t	Almond	Californian almonds are famous for their high quality and excellent taste. While almonds are farmed in seven other countries including Spain, Italy, and Australia, California produces around 80% of the world's supply. As a result, the nut is California's second-largest crop and their top agricultural export.\r\n\r\nImproves bone health\r\nHelps lower sugar levels\r\nDecreases cholesterol levels	Published	2
5	t	Mixed Dry Fruits	Unlock new sensory experiences with our exotic mixed fruits. With an eclectic combination of dried mangoes, kiwis, pineapples, strawberries, papayas, pomelos, peaches, cherries, plums, black seedless raisins, and more, you will experience new emotions.\r\nRich in antioxidants\r\nKismis helps reduce acidity\r\nMangoes are enriched with Vitamin A: improves vision	Published	3
8	f	Almond	Californian almonds are famous for their high quality and excellent taste. While almonds are farmed in seven other countries including Spain, Italy, and Australia, California produces around 80% of the world's supply. As a result, the nut is California's second-largest crop and their top agricultural export.\r\n\r\nImproves bone health\r\nHelps lower sugar levels\r\nDecreases cholesterol levels	Published	2
2	f	Dried Dates	Perfect snack for anytime as they have certain nutrients required for everyday health.\r\nHigh Nutritional Value\r\nImproves Cardiovascular Health\r\nGood Source Of Iron\r\nRich In Vitamin A\r\nImproves Skin Health	Published	1
1	f	Ajwa Dates	Ajwa dates are dark, tiny, and round. The chewy, meaty texture of these dates makes you crave every bite of them.  \r\nThe premium version is more rich in flavour\r\nAids the digestive system.\r\nPacked with nutrients\r\nKeeps bones & teeth in check	Published	1
9	f	Chia Seeds	Our versatile Chia seeds blend with many dishes and spice up their flavour. They can be used in smoothies for added richness, salad dressings for more thickness, and pudding for a tasty experience. The list is endless, and so is the taste.	Published	4
3	f	Pistachio	Pistachio is known as a green nut and is grown in the Mediterranean region. It has a greenish hue and a slightly sweet taste.  Iranian pistachios are the most preferred pistachios worldwide due to their rich and distinctive flavour.\r\nAn excellent source of antioxidants\r\nLow in calories\r\nWeight-loss friendly	Published	2
4	f	Kiwi Green	Kiwi fruit has its roots in China and eventually spread out to the rest of the world. Nowadays, it is one of the most widely consumed fruits because of its highly nutritious value and delicious flavour. Kiwi is no ordinary fruit. The green slices of the fruit covered with many tiny black seeds make a great option for sprucing your fruit salads and desserts. Yes, they make a tasty addition to your bowl of ice cream too.\r\nRich in antioxidants: helps fight diseases\r\nA good source of iron\r\nContains high amounts of dietary fibre	Published	3
7	t	Almond	Californian almonds are famous for their high quality and excellent taste. While almonds are farmed in seven other countries including Spain, Italy, and Australia, California produces around 80% of the world's supply. As a result, the nut is California's second-largest crop and their top agricultural export.\r\n\r\nImproves bone health\r\nHelps lower sugar levels\r\nDecreases cholesterol levels	Published	2
\.


--
-- Data for Name: admin_app_productvariant; Type: TABLE DATA; Schema: public; Owner: postgres
--

COPY public.admin_app_productvariant (id, weight, unit, quantity_stock, price, status, created_at, updated_at, is_deleted, product_id) FROM stdin;
4	250	g	16	130.00	Published	2025-11-25	2025-12-01	f	2
6	1000	g	18	500.00	Published	2025-11-25	2025-12-01	f	2
9	1000	g	15	1550.00	Published	2025-11-25	2025-12-01	f	3
5	500	g	12	250.00	Published	2025-11-25	2025-11-27	f	2
11	500	g	16	360.00	Published	2025-11-27	2025-11-27	f	4
13	250	g	18	260.00	Published	2025-11-27	2025-11-27	f	5
14	500	g	19	520.00	Published	2025-11-27	2025-11-27	f	5
15	100	g	15	1030.00	Published	2025-11-27	2025-11-27	f	5
16	250	g	22	400.00	Published	2025-11-27	2025-11-27	f	6
17	500	g	21	800.00	Published	2025-11-27	2025-11-27	f	6
18	1000	g	23	1600.00	Published	2025-11-27	2025-11-27	f	6
19	250	g	22	400.00	Published	2025-11-27	2025-11-27	f	7
20	500	g	21	800.00	Published	2025-11-27	2025-11-27	f	7
21	1000	g	23	1600.00	Published	2025-11-27	2025-11-27	f	7
3	1000	g	7	1500.00	Published	2025-11-25	2025-12-01	f	1
10	250	g	18	180.00	Published	2025-11-27	2025-12-02	f	4
22	250	g	0	360.00	Published	2025-11-27	2025-11-27	f	8
26	500	g	13	400.00	Published	2025-11-27	2025-11-29	f	9
27	1000	g	17	600.00	Published	2025-11-27	2025-11-29	f	9
1	250	g	10	500.00	Published	2025-11-25	2025-11-27	f	1
24	1000	g	12	1350.00	Published	2025-11-27	2025-12-02	f	8
25	250	g	9	200.00	Published	2025-11-27	2025-12-02	f	9
2	500	g	17	1000.00	Published	2025-11-25	2025-11-30	f	1
23	500	g	15	750.00	Published	2025-11-27	2025-12-02	f	8
8	500	g	19	770.00	Published	2025-11-25	2025-12-02	f	3
7	250	g	18	390.00	Published	2025-11-25	2025-12-02	f	3
12	1000	g	20	720.00	Published	2025-11-27	2025-12-02	f	4
\.


--
-- Data for Name: auth_group; Type: TABLE DATA; Schema: public; Owner: postgres
--

COPY public.auth_group (id, name) FROM stdin;
\.


--
-- Data for Name: auth_group_permissions; Type: TABLE DATA; Schema: public; Owner: postgres
--

COPY public.auth_group_permissions (id, group_id, permission_id) FROM stdin;
\.


--
-- Data for Name: auth_permission; Type: TABLE DATA; Schema: public; Owner: postgres
--

COPY public.auth_permission (id, name, content_type_id, codename) FROM stdin;
1	Can add log entry	1	add_logentry
2	Can change log entry	1	change_logentry
3	Can delete log entry	1	delete_logentry
4	Can view log entry	1	view_logentry
5	Can add permission	2	add_permission
6	Can change permission	2	change_permission
7	Can delete permission	2	delete_permission
8	Can view permission	2	view_permission
9	Can add group	3	add_group
10	Can change group	3	change_group
11	Can delete group	3	delete_group
12	Can view group	3	view_group
13	Can add content type	4	add_contenttype
14	Can change content type	4	change_contenttype
15	Can delete content type	4	delete_contenttype
16	Can view content type	4	view_contenttype
17	Can add session	5	add_session
18	Can change session	5	change_session
19	Can delete session	5	delete_session
20	Can view session	5	view_session
21	Can add custom user	6	add_customuser
22	Can change custom user	6	change_customuser
23	Can delete custom user	6	delete_customuser
24	Can view custom user	6	view_customuser
25	Can add cart	7	add_cart
26	Can change cart	7	change_cart
27	Can delete cart	7	delete_cart
28	Can view cart	7	view_cart
29	Can add cart item	8	add_cartitem
30	Can change cart item	8	change_cartitem
31	Can delete cart item	8	delete_cartitem
32	Can view cart item	8	view_cartitem
33	Can add orders	9	add_orders
34	Can change orders	9	change_orders
35	Can delete orders	9	delete_orders
36	Can view orders	9	view_orders
37	Can add order item	10	add_orderitem
38	Can change order item	10	change_orderitem
39	Can delete order item	10	delete_orderitem
40	Can view order item	10	view_orderitem
41	Can add user address	11	add_useraddress
42	Can change user address	11	change_useraddress
43	Can delete user address	11	delete_useraddress
44	Can view user address	11	view_useraddress
45	Can add wallet	12	add_wallet
46	Can change wallet	12	change_wallet
47	Can delete wallet	12	delete_wallet
48	Can view wallet	12	view_wallet
49	Can add wallet transaction	13	add_wallettransaction
50	Can change wallet transaction	13	change_wallettransaction
51	Can delete wallet transaction	13	delete_wallettransaction
52	Can view wallet transaction	13	view_wallettransaction
53	Can add order return	14	add_orderreturn
54	Can change order return	14	change_orderreturn
55	Can delete order return	14	delete_orderreturn
56	Can view order return	14	view_orderreturn
57	Can add wishlist	15	add_wishlist
58	Can change wishlist	15	change_wishlist
59	Can delete wishlist	15	delete_wishlist
60	Can view wishlist	15	view_wishlist
61	Can add wishlist item	16	add_wishlistitem
62	Can change wishlist item	16	change_wishlistitem
63	Can delete wishlist item	16	delete_wishlistitem
64	Can view wishlist item	16	view_wishlistitem
65	Can add referral	17	add_referral
66	Can change referral	17	change_referral
67	Can delete referral	17	delete_referral
68	Can view referral	17	view_referral
69	Can add category	18	add_category
70	Can change category	18	change_category
71	Can delete category	18	delete_category
72	Can view category	18	view_category
73	Can add products	19	add_products
74	Can change products	19	change_products
75	Can delete products	19	delete_products
76	Can view products	19	view_products
77	Can add product image	20	add_productimage
78	Can change product image	20	change_productimage
79	Can delete product image	20	delete_productimage
80	Can view product image	20	view_productimage
81	Can add product variant	21	add_productvariant
82	Can change product variant	21	change_productvariant
83	Can delete product variant	21	delete_productvariant
84	Can view product variant	21	view_productvariant
85	Can add coupon	22	add_coupon
86	Can change coupon	22	change_coupon
87	Can delete coupon	22	delete_coupon
88	Can view coupon	22	view_coupon
89	Can add coupon usage	23	add_couponusage
90	Can change coupon usage	23	change_couponusage
91	Can delete coupon usage	23	delete_couponusage
92	Can view coupon usage	23	view_couponusage
93	Can add category offer	24	add_categoryoffer
94	Can change category offer	24	change_categoryoffer
95	Can delete category offer	24	delete_categoryoffer
96	Can view category offer	24	view_categoryoffer
97	Can add product offer	25	add_productoffer
98	Can change product offer	25	change_productoffer
99	Can delete product offer	25	delete_productoffer
100	Can view product offer	25	view_productoffer
101	Can add site	26	add_site
102	Can change site	26	change_site
103	Can delete site	26	delete_site
104	Can view site	26	view_site
105	Can add email address	27	add_emailaddress
106	Can change email address	27	change_emailaddress
107	Can delete email address	27	delete_emailaddress
108	Can view email address	27	view_emailaddress
109	Can add email confirmation	28	add_emailconfirmation
110	Can change email confirmation	28	change_emailconfirmation
111	Can delete email confirmation	28	delete_emailconfirmation
112	Can view email confirmation	28	view_emailconfirmation
113	Can add social account	29	add_socialaccount
114	Can change social account	29	change_socialaccount
115	Can delete social account	29	delete_socialaccount
116	Can view social account	29	view_socialaccount
117	Can add social application	30	add_socialapp
118	Can change social application	30	change_socialapp
119	Can delete social application	30	delete_socialapp
120	Can view social application	30	view_socialapp
121	Can add social application token	31	add_socialtoken
122	Can change social application token	31	change_socialtoken
123	Can delete social application token	31	delete_socialtoken
124	Can view social application token	31	view_socialtoken
125	Can add banner	32	add_banner
126	Can change banner	32	change_banner
127	Can delete banner	32	delete_banner
128	Can view banner	32	view_banner
129	Can add review	33	add_review
130	Can change review	33	change_review
131	Can delete review	33	delete_review
132	Can view review	33	view_review
\.


--
-- Data for Name: django_admin_log; Type: TABLE DATA; Schema: public; Owner: postgres
--

COPY public.django_admin_log (id, action_time, object_id, object_repr, action_flag, change_message, content_type_id, user_id) FROM stdin;
\.


--
-- Data for Name: django_content_type; Type: TABLE DATA; Schema: public; Owner: postgres
--

COPY public.django_content_type (id, app_label, model) FROM stdin;
1	admin	logentry
2	auth	permission
3	auth	group
4	contenttypes	contenttype
5	sessions	session
6	user_app	customuser
7	user_app	cart
8	user_app	cartitem
9	user_app	orders
10	user_app	orderitem
11	user_app	useraddress
12	user_app	wallet
13	user_app	wallettransaction
14	user_app	orderreturn
15	user_app	wishlist
16	user_app	wishlistitem
17	user_app	referral
18	admin_app	category
19	admin_app	products
20	admin_app	productimage
21	admin_app	productvariant
22	admin_app	coupon
23	admin_app	couponusage
24	admin_app	categoryoffer
25	admin_app	productoffer
26	sites	site
27	account	emailaddress
28	account	emailconfirmation
29	socialaccount	socialaccount
30	socialaccount	socialapp
31	socialaccount	socialtoken
32	admin_app	banner
33	user_app	review
\.


--
-- Data for Name: django_migrations; Type: TABLE DATA; Schema: public; Owner: postgres
--

COPY public.django_migrations (id, app, name, applied) FROM stdin;
1	contenttypes	0001_initial	2025-11-25 16:47:20.701483+05:30
2	contenttypes	0002_remove_content_type_name	2025-11-25 16:47:20.719615+05:30
3	auth	0001_initial	2025-11-25 16:47:20.801951+05:30
4	auth	0002_alter_permission_name_max_length	2025-11-25 16:47:20.821032+05:30
5	auth	0003_alter_user_email_max_length	2025-11-25 16:47:20.84187+05:30
6	auth	0004_alter_user_username_opts	2025-11-25 16:47:20.862708+05:30
7	auth	0005_alter_user_last_login_null	2025-11-25 16:47:20.877913+05:30
8	auth	0006_require_contenttypes_0002	2025-11-25 16:47:20.882634+05:30
9	auth	0007_alter_validators_add_error_messages	2025-11-25 16:47:20.90102+05:30
10	auth	0008_alter_user_username_max_length	2025-11-25 16:47:20.918357+05:30
11	auth	0009_alter_user_last_name_max_length	2025-11-25 16:47:20.925525+05:30
12	auth	0010_alter_group_name_max_length	2025-11-25 16:47:20.934925+05:30
13	auth	0011_update_proxy_permissions	2025-11-25 16:47:20.942642+05:30
14	auth	0012_alter_user_first_name_max_length	2025-11-25 16:47:20.950677+05:30
15	admin_app	0001_initial	2025-11-25 16:47:21.002287+05:30
16	user_app	0001_initial	2025-11-25 16:47:21.269702+05:30
17	account	0001_initial	2025-11-25 16:47:21.423847+05:30
18	account	0002_email_max_length	2025-11-25 16:47:21.468156+05:30
19	account	0003_alter_emailaddress_create_unique_verified_email	2025-11-25 16:47:21.515062+05:30
20	account	0004_alter_emailaddress_drop_unique_email	2025-11-25 16:47:21.529976+05:30
21	account	0005_emailaddress_idx_upper_email	2025-11-25 16:47:21.542908+05:30
22	account	0006_emailaddress_lower	2025-11-25 16:47:21.56044+05:30
23	account	0007_emailaddress_idx_email	2025-11-25 16:47:21.620391+05:30
24	account	0008_emailaddress_unique_primary_email_fixup	2025-11-25 16:47:21.637689+05:30
25	account	0009_emailaddress_unique_primary_email	2025-11-25 16:47:21.651789+05:30
26	admin	0001_initial	2025-11-25 16:47:21.679544+05:30
27	admin	0002_logentry_remove_auto_add	2025-11-25 16:47:21.689207+05:30
28	admin	0003_logentry_add_action_flag_choices	2025-11-25 16:47:21.701388+05:30
29	admin_app	0002_alter_products_status_alter_productvariant_status	2025-11-25 16:47:21.731357+05:30
30	admin_app	0003_coupon	2025-11-25 16:47:21.746054+05:30
31	admin_app	0004_couponusage	2025-11-25 16:47:21.799443+05:30
32	admin_app	0005_categoryoffer_productoffer	2025-11-25 16:47:21.849825+05:30
33	admin_app	0006_categoryoffer_is_active_productoffer_is_active_and_more	2025-11-25 16:47:21.890828+05:30
34	admin_app	0007_categoryoffer_name_productoffer_name	2025-11-25 16:47:21.905402+05:30
35	admin_app	0008_coupon_maximum_discount_limit	2025-11-25 16:47:21.918273+05:30
36	sessions	0001_initial	2025-11-25 16:47:21.938524+05:30
37	sites	0001_initial	2025-11-25 16:47:21.946351+05:30
38	sites	0002_alter_domain_unique	2025-11-25 16:47:21.959412+05:30
39	socialaccount	0001_initial	2025-11-25 16:47:22.082977+05:30
40	socialaccount	0002_token_max_lengths	2025-11-25 16:47:22.112273+05:30
41	socialaccount	0003_extra_data_default_dict	2025-11-25 16:47:22.12538+05:30
42	socialaccount	0004_app_provider_id_settings	2025-11-25 16:47:22.153553+05:30
43	socialaccount	0005_socialtoken_nullable_app	2025-11-25 16:47:22.181721+05:30
44	socialaccount	0006_alter_socialaccount_extra_data	2025-11-25 16:47:22.204356+05:30
45	user_app	0002_alter_orderitem_status	2025-11-25 16:47:22.214746+05:30
46	user_app	0003_wallet	2025-11-25 16:47:22.244524+05:30
47	user_app	0004_wallet_is_paid_wallet_status	2025-11-25 16:47:22.274707+05:30
48	user_app	0005_remove_wallet_is_paid_remove_wallet_status_and_more	2025-11-25 16:47:22.338403+05:30
49	user_app	0006_orderitem_unit_price	2025-11-25 16:47:22.349197+05:30
50	user_app	0007_orderreturn	2025-11-25 16:47:22.385585+05:30
51	user_app	0008_alter_orderreturn_item	2025-11-25 16:47:22.420797+05:30
52	user_app	0009_alter_orderitem_status	2025-11-25 16:47:22.431062+05:30
53	user_app	0010_wishlist_wishlistitem	2025-11-25 16:47:22.4987+05:30
54	user_app	0011_orders_coupon_orders_total_price_before_discount	2025-11-25 16:47:22.543924+05:30
55	user_app	0012_customuser_referralid_customuser_referred_by_and_more	2025-11-25 16:47:22.68223+05:30
56	user_app	0013_alter_orderitem_status	2025-11-25 16:47:22.693778+05:30
57	user_app	0014_wallettransaction_transactionid	2025-11-26 10:35:08.587062+05:30
58	user_app	0015_alter_wallettransaction_transactionid	2025-11-26 10:35:46.27088+05:30
59	user_app	0016_wallettransaction_order_wallettransaction_source	2025-11-26 11:56:27.32152+05:30
60	user_app	0017_alter_orderitem_status_and_more	2025-11-26 13:28:32.969976+05:30
61	admin_app	0009_banner	2025-11-27 12:08:00.082768+05:30
62	user_app	0018_alter_wallettransaction_source	2025-11-27 12:08:00.089088+05:30
63	user_app	0019_alter_wallettransaction_source_review	2025-11-28 19:29:20.712063+05:30
64	user_app	0020_review_title_alter_wallettransaction_source	2025-11-29 00:13:44.090058+05:30
65	user_app	0021_review_image_alter_wallettransaction_source	2025-11-29 00:32:17.722121+05:30
66	user_app	0022_remove_review_title_review_created_at_and_more	2025-11-29 12:13:26.377927+05:30
\.


--
-- Data for Name: django_session; Type: TABLE DATA; Schema: public; Owner: postgres
--

COPY public.django_session (session_key, session_data, expire_date) FROM stdin;
3o684ao6ruwdz6o14hkandl8ckzrcyfs	.eJxVjMsOwiAURP-FtSG8Hy7d9xsI3AtSNZCUdmX8d9ukC91N5pyZNwlxW2vYRl7CjORKBLn8dinCM7cD4CO2e6fQ27rMiR4KPemgU8f8up3u30GNo-5rD94a1CoZAQjJaVOYtACRc5mL8olZ65hSxu1ZcY4q5exEMVFqb6Uhny_dvTdZ:1vP1yR:5wdpjK-8BXnS68IlfxyC6zbSRsgHRl6Ap2iKnSIZGn8	2025-12-12 22:39:35.522122+05:30
psj55h2ognic4ejgszgf6mk551od8ygg	.eJxVjMsOwiAURP-FtSG8Hy7d9xsI3AtSNZCUdmX8d9ukC91N5pyZNwlxW2vYRl7CjORKBLn8dinCM7cD4CO2e6fQ27rMiR4KPemgU8f8up3u30GNo-5rD94a1CoZAQjJaVOYtACRc5mL8olZ65hSxu1ZcY4q5exEMVFqb6Uhny_dvTdZ:1vOfrb:8DdNrSBbB_bXl_j3e1WR7NflumfVlbaZTlKiO5C2X-U	2025-12-11 23:03:03.084334+05:30
7d1dn930v9h6wipf6bgni4iez54d46fc	.eJxVjMsOwiAURP-FtSG8Hy7d9xsI3AtSNZCUdmX8d9ukC91N5pyZNwlxW2vYRl7CjORKBLn8dinCM7cD4CO2e6fQ27rMiR4KPemgU8f8up3u30GNo-5rD94a1CoZAQjJaVOYtACRc5mL8olZ65hSxu1ZcY4q5exEMVFqb6Uhny_dvTdZ:1vOgEZ:GxV3i2oj85b1lK3CDniLvUxRIpl4KGEZ8K0KdDaU0ao	2025-12-11 23:26:47.813982+05:30
lhw746j1l4q9ali36r3pgtycl45uydst	.eJxVjMsOwiAURP-FtSG8Hy7d9xsI3AtSNZCUdmX8d9ukC91N5pyZNwlxW2vYRl7CjORKBLn8dinCM7cD4CO2e6fQ27rMiR4KPemgU8f8up3u30GNo-5rD94a1CoZAQjJaVOYtACRc5mL8olZ65hSxu1ZcY4q5exEMVFqb6Uhny_dvTdZ:1vOuJ2:2zkfqAWUY8QYAPbO3X1QHU98sRoLeXQixnX3cHytgrE	2025-12-12 14:28:20.787168+05:30
ntumh1qj45v6as2fy397dvd1j4p45r6l	.eJxVjMsOwiAURP-FtSG8Hy7d9xsI3AtSNZCUdmX8d9ukC91N5pyZNwlxW2vYRl7CjORKBLn8dinCM7cD4CO2e6fQ27rMiR4KPemgU8f8up3u30GNo-5rD94a1CoZAQjJaVOYtACRc5mL8olZ65hSxu1ZcY4q5exEMVFqb6Uhny_dvTdZ:1vO6x9:o03M8VTpkV4BuQiJ-JWNMGBhB-Q3ZQhYkN3djj3pP_c	2025-12-10 09:46:27.202367+05:30
h01a4j59d45cf2yazro7mn1qz6g7joe7	.eJxVjMsOwiAURP-FtSG8Hy7d9xsI3AtSNZCUdmX8d9ukC91N5pyZNwlxW2vYRl7CjORKBLn8dinCM7cD4CO2e6fQ27rMiR4KPemgU8f8up3u30GNo-5rD94a1CoZAQjJaVOYtACRc5mL8olZ65hSxu1ZcY4q5exEMVFqb6Uhny_dvTdZ:1vPEnp:mWdZpyfzJI20-Ci3aGDWpaIeLYCYhwV9zGtE98sO7HA	2025-12-13 12:21:29.776392+05:30
0p1k5m3nzpx1bof025zewk12eilc7f0s	.eJxVjMsOwiAURP-FtSG8Hy7d9xsI3AtSNZCUdmX8d9ukC91N5pyZNwlxW2vYRl7CjORKBLn8dinCM7cD4CO2e6fQ27rMiR4KPemgU8f8up3u30GNo-5rD94a1CoZAQjJaVOYtACRc5mL8olZ65hSxu1ZcY4q5exEMVFqb6Uhny_dvTdZ:1vQIcf:K4RLmogzl7-455HW6rCcNQkGYjh2vxy4GTkPENbYMms	2025-12-16 10:38:21.487852+05:30
sj8cakmo6tsklhni2hf551iylr65xkum	.eJxVjMsOwiAURP-FtSG8Hy7d9xsI3AtSNZCUdmX8d9ukC91N5pyZNwlxW2vYRl7CjORKBLn8dinCM7cD4CO2e6fQ27rMiR4KPemgU8f8up3u30GNo-5rD94a1CoZAQjJaVOYtACRc5mL8olZ65hSxu1ZcY4q5exEMVFqb6Uhny_dvTdZ:1vO9gz:EG0nrW-6ZhIIw2dRvZWPrIuKYhY4BgkQ9Hf2D4yyOKg	2025-12-10 12:41:57.534172+05:30
btw1eyigb133bbf4liedtcfbmvxzra4k	.eJxVT0tuwyAQvQtrC2FjjPGym0qVuskF0JiB2okLEQZFSZS7B9eR2m5GM--nN3eiIadJ59VGPSMZCCfVX2wEc7J-I_AI_itQE3yK80g3CX2xK_0MaJe3l_ZfwATrVNxK9tZ0iHZssGNCtdi5uoZOomi46oVg0rXAUVnhOPBaSsvr3kErnSqzKaERbiGe4apDxBKMkIAMd7JfP9339XC8fVwPLePvHk-5GOE7ZJ-23xSjjBXEhHwOXpvSmgw-L0tFcF7NLmMV8faiU0iw_Joejyc602J3:1vNt0k:LGyikonkdA6MGI8JVB_kboIty2EGWh3vImzQo8psWKY	2025-12-09 18:53:14.562109+05:30
dqnk54vmgpzy7lxgfm0883b9k6szhn8t	.eJxVjMsOwiAURP-FtSG8Hy7d9xsI3AtSNZCUdmX8d9ukC91N5pyZNwlxW2vYRl7CjORKBLn8dinCM7cD4CO2e6fQ27rMiR4KPemgU8f8up3u30GNo-5rD94a1CoZAQjJaVOYtACRc5mL8olZ65hSxu1ZcY4q5exEMVFqb6Uhny_dvTdZ:1vQK0E:VAny8-GC8eXAimaLtx6LU5ZAaH8q8g81MWh0lDc89Ag	2025-12-16 12:06:46.855873+05:30
mzpjmcyjpxdnrsq7bj6y1j20ionl41kp	.eJytjz9vgzAUxL_LmxHC2NiYMRmjdGjUKlIVWS_-ExwQpjZ0QXz3EjVL9i5vuN_p7t0CKWiPPWod5mFSacLJJmgWCB_3kZ87_v12CofDu4Hma4ExBm3TxqEPNz9ABgYnhGaY-z6DsdNW6WCs-rHRO2_jH1kzIjgjnFLKck5qympyySDuC64_dycyHrU4m_Z_GmQuKCWsKC9rBgrnqVVzslH5bQFQeNGuqDs7PIC543ALuQ7DFP01f1jyJ035cSvsd0_vS0CLaXsbpKit5sbYa2l4UUlmuCMEuTBVSWVdVYVwDKmRtnIUKRHCUlI7ZMLJ7Zaw_gKHs3-6:1vOFTt:9UcckyGMcYL1zYqkA_-k7Zc87fKXNONWVNLcMj2uoaI	2025-12-10 18:52:49.536956+05:30
y38zhw7dupdz7e2hgn5rm46tpanwta7t	.eJxVjMsOwiAURP-FtSG8Hy7d9xsI3AtSNZCUdmX8d9ukC91N5pyZNwlxW2vYRl7CjORKBLn8dinCM7cD4CO2e6fQ27rMiR4KPemgU8f8up3u30GNo-5rD94a1CoZAQjJaVOYtACRc5mL8olZ65hSxu1ZcY4q5exEMVFqb6Uhny_dvTdZ:1vPvOc:LIzAA44W0XLOBCmScJ-iW8-bdiWV27WgpLcbsVrhe1M	2025-12-15 09:50:18.737877+05:30
11sxfixw5b2kcacmb2ch20f0aq7e0kg2	.eJxVjMsOwiAURP-FtSG8Hy7d9xsI3AtSNZCUdmX8d9ukC91N5pyZNwlxW2vYRl7CjORKBLn8dinCM7cD4CO2e6fQ27rMiR4KPemgU8f8up3u30GNo-5rD94a1CoZAQjJaVOYtACRc5mL8olZ65hSxu1ZcY4q5exEMVFqb6Uhny_dvTdZ:1vOYog:qVQLJsk8tvRNIVINEwdLnDyo7hkYHZN5HUjovJQDVtc	2025-12-11 15:31:34.787692+05:30
\.


--
-- Data for Name: django_site; Type: TABLE DATA; Schema: public; Owner: postgres
--

COPY public.django_site (id, domain, name) FROM stdin;
1	example.com	example.com
\.


--
-- Data for Name: socialaccount_socialaccount; Type: TABLE DATA; Schema: public; Owner: postgres
--

COPY public.socialaccount_socialaccount (id, provider, uid, last_login, date_joined, extra_data, user_id) FROM stdin;
1	google	102083038915702344382	2025-12-02 12:27:12.582257+05:30	2025-11-25 16:48:03.717284+05:30	{"aud": "31413795335-0ucl4rffnuvvph9ao0aie0hv0qcminje.apps.googleusercontent.com", "azp": "31413795335-0ucl4rffnuvvph9ao0aie0hv0qcminje.apps.googleusercontent.com", "exp": 1764662232, "iat": 1764658632, "iss": "https://accounts.google.com", "sub": "102083038915702344382", "name": "Shahina Ajmal", "email": "shahinaajmal162@gmail.com", "at_hash": "UlgSsDkOh7dt7L72D13NoA", "picture": "https://lh3.googleusercontent.com/a/ACg8ocKAgidOugcQBIWWG6orw6UU3t1DdkPSe1JgcmX-Kt4xzpwjBQ=s96-c", "given_name": "Shahina", "family_name": "Ajmal", "email_verified": true}	1
\.


--
-- Data for Name: socialaccount_socialapp; Type: TABLE DATA; Schema: public; Owner: postgres
--

COPY public.socialaccount_socialapp (id, provider, name, client_id, secret, key, provider_id, settings) FROM stdin;
\.


--
-- Data for Name: socialaccount_socialapp_sites; Type: TABLE DATA; Schema: public; Owner: postgres
--

COPY public.socialaccount_socialapp_sites (id, socialapp_id, site_id) FROM stdin;
\.


--
-- Data for Name: socialaccount_socialtoken; Type: TABLE DATA; Schema: public; Owner: postgres
--

COPY public.socialaccount_socialtoken (id, token, token_secret, expires_at, account_id, app_id) FROM stdin;
\.


--
-- Data for Name: user_app_cart; Type: TABLE DATA; Schema: public; Owner: postgres
--

COPY public.user_app_cart (id, created_at, user_id) FROM stdin;
1	2025-11-25	1
2	2025-11-25	3
3	2025-11-28	4
4	2025-11-28	6
5	2025-11-28	7
6	2025-11-30	11
\.


--
-- Data for Name: user_app_cartitem; Type: TABLE DATA; Schema: public; Owner: postgres
--

COPY public.user_app_cartitem (id, quantity, updated_at, cart_id, product_id) FROM stdin;
\.


--
-- Data for Name: user_app_customuser; Type: TABLE DATA; Schema: public; Owner: postgres
--

COPY public.user_app_customuser (id, password, last_login, email, firstname, lastname, phone_number, is_active, is_admin, is_blocked, is_staff, is_superuser, date_joined, "referralID", referred_by_id) FROM stdin;
10	pbkdf2_sha256$1000000$0gUkHGEmSCdA9XWmqzwkMb$hgk78al6BMiCiw4L0DD691jXXwikLQt+I58lLGDI/Rc=	\N	cokej46622@docsfy.com	coke	dfeg	554412215	t	f	f	f	f	2025-11-29 14:59:36.957634+05:30	85751654	\N
3	pbkdf2_sha256$1000000$S3yTs4d3KZwuhnwUqqOZp6$2impKK3a/Gw7xZCYEUu15w9jc9i/AHU8azwAo/IxCpA=	2025-11-26 23:45:17.52138+05:30	shahinabinthsakkeer+sabi@gmail.com	sabeena	sakkeer	9865225320	t	f	f	f	f	2025-11-25 18:11:14.992869+05:30	D08E5027	\N
11	pbkdf2_sha256$1000000$auPKMmR9iJwlrOnUkPlTv9$X7N187H6MhziCaccMvtrl7XEsY+EnM72hvC84GvBPiA=	2025-11-29 15:08:56.159845+05:30	xadir52761@docsfy.com	rgergeg	erherhr	5588552200	t	f	f	f	f	2025-11-29 15:08:39.040333+05:30	02EF71D6	\N
6	pbkdf2_sha256$1000000$4rKYGt6FKjruPUaGLPfSnS$D8lxHzU5rV+RVjxE34zJu/ehHoRWYvNQmXXCDkEIpCo=	2025-12-01 18:00:27.210173+05:30	shahinabinthsakkeer+raju@gmail.com	Rajesh	mm	6655220032	t	f	f	f	f	2025-11-28 14:18:16.1364+05:30	7F078592	\N
4	pbkdf2_sha256$1000000$MBJANi6EzI6Ie21e640lX9$zDzdEM+U4DbO2fb49pbzCSFbT355LqcctigTbTEB0Qo=	2025-11-28 13:30:09.382695+05:30	shahinabinthsakkeer+ardra@gmail.com	ghggggggggggg	wwwwwwwwww	9966332232	t	f	f	f	f	2025-11-28 13:29:31.255966+05:30	27C4A696	\N
5	pbkdf2_sha256$1000000$bDQbvlva99t4lBmu5jKmfX$MLYTExihj8H5TDIjl51dVMPxLZgV77/Vf0tKOsVA4JQ=	\N	shahinabinthsakkeer+steffy@gmail.com	Steffy	Reddy	6655523223	t	f	f	f	f	2025-11-28 14:15:55.133682+05:30	DB423144	\N
2	pbkdf2_sha256$1000000$OMaERF2pBiGyTJ7TP8IBuk$xVKcPHFbGLBP60uBCOx7ezyjNy97Rymxf/WdSQE1SSg=	2025-12-02 12:06:46.854369+05:30	shahinaps@gmail.com	shahina		9048780368	t	f	f	t	t	2025-11-25 17:31:22.766881+05:30	8363F428	\N
7	pbkdf2_sha256$1000000$3qFFRtBKyzZjZEIgm7T3Q2$Hkh1v6Mu41VDyknfC2IxdbtBF6/fqaSMo/78ttYpKkc=	2025-11-28 17:04:53.845277+05:30	tajapa6800@datehype.com	Ansal	Anu	9988768978	t	f	f	f	f	2025-11-28 17:04:09.671486+05:30	\N	\N
1	!VnRSZaTwbV5aMZZPb8oKveIGS0WL5dsEFdnyQdat	2025-12-02 12:27:12.596904+05:30	shahinaajmal162@gmail.com	Ajmal		9895356509	t	f	f	f	f	2025-11-25 16:48:03.710736+05:30	\N	\N
8	pbkdf2_sha256$1000000$RI7DuxDZhj6Gluudr59s19$F8/WemNpJmH2/o9evZNCbFGYrKFLT5rFLaiOlYjF0uk=	\N	piyoro8901@docsfy.com	Wales	Watson	5566521100	t	f	f	f	f	2025-11-29 13:33:18.228266+05:30	28F9A8E7	\N
9	pbkdf2_sha256$1000000$MSDUAF6KUnRnpzAMRFbqFU$Jy8YrWC15fXah4q2/7p7DMZw1SfRMU+IxYkvDq6YCbE=	\N	cihix24297@docsfy.com	fregetg	geghe	555444444	t	f	f	f	f	2025-11-29 14:55:59.177228+05:30	46470B01	\N
\.


--
-- Data for Name: user_app_customuser_groups; Type: TABLE DATA; Schema: public; Owner: postgres
--

COPY public.user_app_customuser_groups (id, customuser_id, group_id) FROM stdin;
\.


--
-- Data for Name: user_app_customuser_user_permissions; Type: TABLE DATA; Schema: public; Owner: postgres
--

COPY public.user_app_customuser_user_permissions (id, customuser_id, permission_id) FROM stdin;
\.


--
-- Data for Name: user_app_orderitem; Type: TABLE DATA; Schema: public; Owner: postgres
--

COPY public.user_app_orderitem (id, quantity, price, cancellation_reason, status, payment_status, approval_status, product_id, order_id, unit_price) FROM stdin;
1	3	390.00	\N	payment_pending	failed	pending	4	1	130.00
2	3	390.00	\N	payment_pending	failed	pending	4	2	130.00
3	3	390.00	\N	payment_pending	failed	pending	4	3	130.00
35	3	390.00	\N	payment_pending	failed	pending	4	32	130.00
4	3	390.00	\N	payment_pending	failed	pending	4	4	130.00
5	3	390.00	\N	payment_pending	failed	pending	4	5	130.00
6	3	390.00	\N	order_received	pending	pending	4	6	130.00
7	3	390.00	\N	payment_pending	failed	pending	4	7	130.00
8	3	390.00	\N	payment_pending	failed	pending	4	8	130.00
9	3	390.00	\N	payment_pending	failed	pending	4	9	130.00
10	3	390.00	\N	payment_pending	failed	pending	4	10	130.00
11	3	390.00	\N	payment_pending	failed	pending	4	11	130.00
12	3	390.00	\N	payment_pending	failed	pending	4	12	130.00
13	3	390.00	\N	payment_pending	failed	pending	4	13	130.00
14	3	390.00	\N	payment_pending	failed	pending	4	14	130.00
15	3	390.00	\N	payment_pending	failed	pending	4	15	130.00
16	3	390.00	\N	payment_pending	failed	pending	4	16	130.00
17	3	390.00	\N	payment_pending	failed	pending	4	17	130.00
18	3	390.00	\N	payment_pending	failed	pending	4	18	130.00
19	3	390.00	\N	payment_pending	failed	pending	4	19	130.00
20	3	390.00	\N	payment_pending	failed	pending	4	20	130.00
21	3	390.00	\N	payment_pending	failed	pending	4	21	130.00
22	3	390.00	\N	payment_pending	failed	pending	4	22	130.00
23	3	390.00	\N	payment_pending	failed	pending	4	23	130.00
24	3	390.00	\N	payment_pending	failed	pending	4	24	130.00
25	3	390.00	\N	payment_pending	failed	pending	4	25	130.00
26	3	390.00	\N	payment_pending	failed	pending	4	26	130.00
27	3	390.00	\N	payment_pending	failed	pending	4	27	130.00
28	3	390.00	\N	payment_pending	failed	pending	4	28	130.00
29	3	390.00	\N	payment_pending	failed	pending	4	29	130.00
30	1	500.00	\N	payment_pending	failed	pending	1	29	500.00
31	3	390.00	\N	payment_pending	failed	pending	4	30	130.00
32	1	500.00	\N	payment_pending	failed	pending	1	30	500.00
33	3	390.00	\N	payment_pending	failed	pending	4	31	130.00
34	1	500.00	\N	payment_pending	failed	pending	1	31	500.00
36	1	500.00	\N	payment_pending	failed	pending	1	32	500.00
37	3	390.00	\N	payment_pending	failed	pending	4	33	130.00
38	1	500.00	\N	payment_pending	failed	pending	1	33	500.00
39	3	390.00	\N	payment_pending	failed	pending	4	34	130.00
40	1	500.00	\N	payment_pending	failed	pending	1	34	500.00
41	3	390.00	\N	payment_pending	failed	pending	4	35	130.00
42	1	500.00	\N	payment_pending	failed	pending	1	35	500.00
43	3	390.00	\N	payment_pending	failed	pending	4	36	130.00
44	1	500.00	\N	payment_pending	failed	pending	1	36	500.00
45	3	390.00	\N	payment_pending	failed	pending	4	37	130.00
46	1	500.00	\N	payment_pending	failed	pending	1	37	500.00
47	3	390.00	\N	payment_pending	failed	pending	4	38	130.00
48	1	500.00	\N	payment_pending	failed	pending	1	38	500.00
49	3	390.00	\N	payment_pending	failed	pending	4	39	130.00
50	1	500.00	\N	payment_pending	failed	pending	1	39	500.00
51	3	390.00	\N	payment_pending	failed	pending	4	40	130.00
52	1	500.00	\N	payment_pending	failed	pending	1	40	500.00
53	3	390.00	\N	returned	paid	pending	4	41	130.00
54	1	500.00	\N	order_received	paid	pending	1	41	500.00
55	1	500.00	\N	order_received	paid	pending	1	42	500.00
56	1	500.00	\N	payment_pending	failed	pending	1	43	500.00
64	1	390.00	\N	cancelled	paid	pending	7	47	390.00
65	1	770.00	\N	Order Received	paid	pending	8	48	770.00
57	1	770.00	\N	cancelled	paid	pending	8	44	770.00
63	1	1000.00	\N	cancelled	paid	pending	2	47	1000.00
66	1	940.00	\N	Order Received	paid	pending	3	49	940.00
58	1	390.00	\N	returned	paid	pending	7	44	390.00
59	1	130.00	\N	cancelled	paid	pending	4	45	130.00
60	1	1000.00	\N	order_received	paid	pending	3	46	1000.00
61	1	130.00	\N	order_received	paid	pending	4	46	130.00
62	2	1000.00	\N	order_received	paid	pending	1	46	500.00
67	1	390.00	\N	Order Received	paid	pending	7	50	390.00
70	1	180.00	\N	returned	paid	pending	10	52	180.00
71	1	180.00	\N	cancelled	paid	pending	10	53	180.00
72	2	2700.00	\N	returned	paid	pending	24	54	1350.00
69	2	720.00	\N	Packed	paid	pending	22	52	360.00
74	1	1215.00	\N	cancelled	paid	pending	24	56	1215.00
75	5	1000.00	\N	returned	paid	pending	25	56	200.00
76	1	500.00	\N	delivered	paid	pending	6	57	500.00
77	2	800.00	\N	Order Received	pending	pending	26	58	400.00
78	1	600.00	\N	Order Received	pending	pending	27	58	600.00
79	2	800.00	\N	delivered	paid	pending	26	59	400.00
80	1	600.00	\N	delivered	paid	pending	27	59	600.00
82	1	1000.00	\N	Order Received	paid	pending	2	60	1000.00
81	1	675.00	\N	cancelled	paid	pending	23	60	675.00
83	1	180.00	\N	Order Received	pending	pending	10	61	180.00
84	1	1350.00	\N	delivered	paid	pending	3	62	1350.00
85	1	1550.00	\N	order_received	paid	pending	9	62	1550.00
86	1	1350.00	\N	Order Received	paid	pending	3	63	1350.00
87	1	200.00	\N	returned	paid	pending	25	64	200.00
88	1	720.00	\N	Order Received	paid	pending	12	65	720.00
\.


--
-- Data for Name: user_app_orderreturn; Type: TABLE DATA; Schema: public; Owner: postgres
--

COPY public.user_app_orderreturn (id, return_choice, approval_status, return_reason, image, created_at, item_id, user_id) FROM stdin;
1	defective_product	refunded	gbbbbbbbbb dgggggg	image/upload/v1764130749/y3eopoz1bmtgzwu1ftx3.webp	2025-11-26 09:49:10.624513+05:30	58	3
2	wrong_item	refunded	dfffffffff dddddddddd	image/upload/v1764142558/jbobgfphds82hlkmryfo.webp	2025-11-26 13:05:59.102353+05:30	53	3
3	wrong_item	refunded	bbbbaaaaad item	image/upload/v1764320595/c10e1kkxyrmb0dcmdddq.webp	2025-11-28 14:33:14.998904+05:30	72	6
4	wrong_item	refunded	baaadddd product	image/upload/v1764330969/saekzfw7g6vo5ljp4aas.webp	2025-11-28 17:26:10.124807+05:30	75	7
5	wrong_item	refunded	ordered badam but got pista	\N	2025-12-02 10:47:31.538861+05:30	70	1
6	other	refunded	ttttttttt rfffffff	\N	2025-12-02 12:07:25.82182+05:30	87	1
\.


--
-- Data for Name: user_app_orders; Type: TABLE DATA; Schema: public; Owner: postgres
--

COPY public.user_app_orders (id, "orderID", item_count, total_price, created_at, updated_at, is_deleted, payment_method, delivery_charge, discount, razorpay_order_id, is_paid, user_id, address_id, coupon_id, total_price_before_discount) FROM stdin;
1	664ABC10	1	390.00	2025-11-25 18:14:03.985329+05:30	2025-11-25 18:14:18.960428+05:30	f	razorpay	0.00	0.00	order_RjyeaemboRr4oD	f	3	1	\N	390.00
2	D7541CAB	1	390.00	2025-11-25 18:14:35.358724+05:30	2025-11-25 18:14:43.320168+05:30	f	razorpay	0.00	0.00	order_Rjyf8rALwglgQ1	f	3	1	\N	390.00
3	677D3CED	1	390.00	2025-11-25 18:15:02.586446+05:30	2025-11-25 18:15:16.326122+05:30	f	razorpay	0.00	0.00	order_RjyfcexEeLE7nM	f	3	1	\N	390.00
4	17940757	1	390.00	2025-11-25 18:16:20.206786+05:30	2025-11-25 18:21:53.855695+05:30	f	razorpay	0.00	0.00	order_RjymrTqPgKBUyI	f	3	1	\N	390.00
5	4BD0D255	1	390.00	2025-11-25 18:25:18.335958+05:30	2025-11-25 18:25:32.596299+05:30	f	razorpay	0.00	0.00	order_RjyqShsTm9cv4P	f	3	1	\N	390.00
6	C910BACF	1	390.00	2025-11-25 18:31:52.15831+05:30	2025-11-25 18:31:52.158359+05:30	f	razorpay	0.00	0.00	order_RjyxOfK2v7bQ4X	f	3	1	\N	390.00
7	E4E5ABC1	1	390.00	2025-11-25 18:37:23.654314+05:30	2025-11-25 18:37:31.729109+05:30	f	razorpay	0.00	0.00	order_Rjz3EWOmaDwpDJ	f	3	1	\N	390.00
8	D5425908	1	390.00	2025-11-25 18:38:33.143129+05:30	2025-11-25 18:38:52.385977+05:30	f	razorpay	0.00	0.00	order_Rjz4SMPPROMUuI	f	3	1	\N	390.00
9	6D22DEB0	1	390.00	2025-11-25 18:53:14.550751+05:30	2025-11-25 18:53:30.096287+05:30	f	razorpay	0.00	0.00	order_RjzJyR403Gndku	f	3	1	\N	390.00
10	8065B317	1	390.00	2025-11-25 18:56:03.61097+05:30	2025-11-25 18:56:36.677348+05:30	f	razorpay	0.00	0.00	order_RjzMwx1NKDKJAy	f	3	1	\N	390.00
11	A03736C4	1	390.00	2025-11-25 19:01:34.815163+05:30	2025-11-25 19:01:43.063585+05:30	f	razorpay	0.00	0.00	order_RjzSmTCVRkDWli	f	3	1	\N	390.00
12	D0F87E6C	1	390.00	2025-11-25 19:02:46.161786+05:30	2025-11-25 19:04:13.757609+05:30	f	razorpay	0.00	0.00	order_RjzU2L139CSv1y	f	3	1	\N	390.00
13	CAF98455	1	390.00	2025-11-25 19:12:35.308512+05:30	2025-11-25 19:12:43.802712+05:30	f	razorpay	0.00	0.00	order_RjzePTeUCxhz67	f	3	1	\N	390.00
14	D1CB35EF	1	390.00	2025-11-25 19:17:50.560298+05:30	2025-11-25 19:19:03.341172+05:30	f	razorpay	0.00	0.00	order_RjzjxcVKEEJudb	f	3	1	\N	390.00
15	D362B0DB	1	390.00	2025-11-25 19:19:15.57968+05:30	2025-11-25 19:19:42.870563+05:30	f	razorpay	0.00	0.00	order_RjzlSQ32i7qayp	f	3	1	\N	390.00
16	A40C8B97	1	390.00	2025-11-25 19:24:12.244166+05:30	2025-11-25 19:24:45.827182+05:30	f	razorpay	0.00	0.00	order_RjzqgFYYerB1jk	f	3	1	\N	390.00
17	B89E0146	1	390.00	2025-11-25 19:25:11.652846+05:30	2025-11-25 19:26:07.992454+05:30	f	razorpay	0.00	0.00	order_Rjzrj5VcUGoAjc	f	3	1	\N	390.00
18	AFFF0998	1	390.00	2025-11-25 19:29:16.409686+05:30	2025-11-25 19:29:26.457868+05:30	f	razorpay	0.00	0.00	order_Rjzw2DcWnTeFiv	f	3	1	\N	390.00
19	2AE60E5B	1	390.00	2025-11-25 19:33:06.958859+05:30	2025-11-25 19:34:02.88267+05:30	f	razorpay	0.00	0.00	order_Rk005tSrm3Zvmi	f	3	1	\N	390.00
20	32022368	1	390.00	2025-11-25 19:42:04.919593+05:30	2025-11-25 19:42:13.637758+05:30	f	razorpay	0.00	0.00	order_Rk09Z53uWkZmld	f	3	1	\N	390.00
21	B25F97E9	1	390.00	2025-11-25 19:42:27.849118+05:30	2025-11-25 19:42:36.030324+05:30	f	razorpay	0.00	0.00	order_Rk09y7rWrMJa8B	f	3	1	\N	390.00
22	8AAE1FDD	1	390.00	2025-11-25 19:45:42.213511+05:30	2025-11-25 19:45:50.133686+05:30	f	razorpay	0.00	0.00	order_Rk0DOGIxVkfaBg	f	3	1	\N	390.00
23	5A2E2A75	1	390.00	2025-11-25 19:48:27.233929+05:30	2025-11-25 19:48:35.515579+05:30	f	razorpay	0.00	0.00	order_Rk0GIIQWFL4DSZ	f	3	1	\N	390.00
24	BD73E75F	1	390.00	2025-11-25 19:50:22.457466+05:30	2025-11-25 19:50:31.408885+05:30	f	razorpay	0.00	0.00	order_Rk0IKC67pZ2siH	f	3	1	\N	390.00
25	187FA49D	1	390.00	2025-11-25 19:50:48.466589+05:30	2025-11-25 19:50:59.109575+05:30	f	razorpay	0.00	0.00	order_Rk0ImaEhTjn2Uf	f	3	1	\N	390.00
26	B666B1EF	1	390.00	2025-11-25 19:51:22.867332+05:30	2025-11-25 19:51:33.920809+05:30	f	razorpay	0.00	0.00	order_Rk0JO8Uh2GOCeG	f	3	1	\N	390.00
27	4F7AFB00	1	390.00	2025-11-25 19:51:42.91517+05:30	2025-11-25 19:51:58.433927+05:30	f	razorpay	0.00	0.00	order_Rk0Jk1APRpkDE2	f	3	1	\N	390.00
28	E3359A96	1	390.00	2025-11-25 19:52:05.898286+05:30	2025-11-25 19:52:17.577155+05:30	f	razorpay	0.00	0.00	order_Rk0K93rRUHuJg0	f	3	1	\N	390.00
29	43B6071B	2	890.00	2025-11-25 19:55:29.936784+05:30	2025-11-25 19:55:39.619969+05:30	f	razorpay	0.00	0.00	order_Rk0NjovvFLiGZl	f	3	1	\N	890.00
30	3C57F2E7	2	890.00	2025-11-25 19:55:47.356052+05:30	2025-11-25 19:56:22.680925+05:30	f	razorpay	0.00	0.00	order_Rk0O2q9If0biKS	f	3	1	\N	890.00
31	61C17965	2	890.00	2025-11-25 20:02:59.354835+05:30	2025-11-25 20:03:07.451134+05:30	f	razorpay	0.00	0.00	order_Rk0VeM9sZhfZtj	f	3	1	\N	890.00
32	D42758C3	2	890.00	2025-11-25 20:10:21.686744+05:30	2025-11-25 20:10:29.742938+05:30	f	razorpay	0.00	0.00	order_Rk0dR87Pwng0Hb	f	3	1	\N	890.00
33	EA613A01	2	890.00	2025-11-25 20:13:54.631675+05:30	2025-11-25 20:14:02.879951+05:30	f	razorpay	0.00	0.00	order_Rk0hBZA4Zm9BaD	f	3	1	\N	890.00
34	6041A844	2	890.00	2025-11-26 08:48:23.047725+05:30	2025-11-26 08:49:13.139793+05:30	f	razorpay	0.00	0.00	order_RkDY9r7OVFzTUp	f	3	1	\N	890.00
35	2B5AFE7B	2	890.00	2025-11-26 08:49:19.678839+05:30	2025-11-26 08:49:28.281228+05:30	f	razorpay	0.00	0.00	order_RkDZ9pDlphYbQX	f	3	1	\N	890.00
36	04CD1E5D	2	890.00	2025-11-26 08:55:46.565505+05:30	2025-11-26 08:55:56.713934+05:30	f	razorpay	0.00	0.00	order_RkDfyG9SVEnaP5	f	3	1	\N	890.00
37	5392238B	2	890.00	2025-11-26 09:02:38.41652+05:30	2025-11-26 09:05:28.351681+05:30	f	razorpay	0.00	0.00	order_RkDnDlG21EtNRU	f	3	1	\N	890.00
38	53FF220A	2	890.00	2025-11-26 09:06:40.009595+05:30	2025-11-26 09:06:48.764071+05:30	f	razorpay	0.00	0.00	order_RkDrTUZmdZJegn	f	3	1	\N	890.00
39	7401CEEB	2	890.00	2025-11-26 09:22:43.787202+05:30	2025-11-26 09:22:52.055078+05:30	f	razorpay	0.00	0.00	order_RkE8RW2o5XPiKs	f	3	1	\N	890.00
40	C29AADC4	2	890.00	2025-11-26 09:22:58.872113+05:30	2025-11-26 09:23:06.66453+05:30	f	razorpay	0.00	0.00	order_RkE8i00hSiQZsb	f	3	1	\N	890.00
41	53EAB751	2	890.00	2025-11-26 09:23:32.960208+05:30	2025-11-26 09:23:56.854051+05:30	f	razorpay	0.00	0.00	order_RkE9IrknTfxiPg	t	3	1	\N	890.00
42	CBC40AC1	1	500.00	2025-11-26 09:26:13.222371+05:30	2025-11-26 09:26:32.093596+05:30	f	razorpay	0.00	0.00	order_RkEC89GVN1Ml1N	t	3	1	\N	500.00
43	EB27022E	1	500.00	2025-11-26 09:37:03.742466+05:30	2025-11-26 09:37:11.904831+05:30	f	razorpay	0.00	0.00	order_RkENa93dQYXDWx	f	3	1	\N	500.00
47	18E46BB8	2	1390.00	2025-11-26 12:47:56.255291+05:30	2025-11-26 12:48:18.144284+05:30	f	razorpay	0.00	0.00	order_RkHdD7oH7Nt63u	t	3	1	\N	1390.00
44	FEDCCD54	2	1160.00	2025-11-26 09:44:24.071843+05:30	2025-11-26 09:45:24.619344+05:30	f	razorpay	0.00	0.00	order_RkEW3lx1Qww5YB	t	3	1	\N	1160.00
45	F1B744B7	1	130.00	2025-11-26 09:50:02.997043+05:30	2025-11-26 09:50:02.997054+05:30	f	wallet	0.00	0.00	\N	t	3	1	\N	130.00
46	7E8B19E1	3	2130.00	2025-11-26 12:42:48.475943+05:30	2025-11-26 12:42:48.476017+05:30	f	wallet	0.00	0.00	\N	t	3	1	\N	2130.00
48	28C17927	1	770.00	2025-11-26 13:29:05.268303+05:30	2025-11-26 13:29:05.268309+05:30	f	wallet	0.00	0.00	\N	t	3	1	\N	770.00
49	A21718ED	1	940.00	2025-11-27 00:15:27.709552+05:30	2025-11-27 00:15:27.709558+05:30	f	wallet	0.00	0.00	\N	t	3	1	\N	940.00
50	B922799A	1	390.00	2025-11-27 00:41:22.462587+05:30	2025-11-27 00:41:43.91374+05:30	f	razorpay	0.00	0.00	order_RkTmpxYdh3QkYX	t	3	1	\N	390.00
52	D55FDA1C	2	900.00	2025-11-27 17:41:21.951127+05:30	2025-11-27 17:42:17.434415+05:30	f	razorpay	0.00	0.00	order_RklAveyRidLlmk	t	1	18	\N	900.00
53	527C133C	1	180.00	2025-11-28 00:52:33.426403+05:30	2025-11-28 00:53:27.038465+05:30	f	razorpay	0.00	0.00	order_RksWMaKSADXggx	t	1	18	\N	180.00
54	EB0B02AA	1	2550.00	2025-11-28 14:32:01.44084+05:30	2025-11-28 14:32:01.440846+05:30	f	wallet	0.00	150.00	\N	t	6	30	\N	2700.00
56	C5483846	2	664.50	2025-11-28 17:22:49.66607+05:30	2025-11-28 17:23:14.240063+05:30	f	razorpay	0.00	1550.50	order_Rl9NpLYMOoWKAZ	t	7	32	6	2215.00
57	3C098D16	1	150.00	2025-11-28 22:38:28.512122+05:30	2025-11-28 22:38:53.609559+05:30	f	razorpay	0.00	350.00	order_RlElFoizu1Y7mQ	t	7	32	6	500.00
58	DBF1A787	2	420.00	2025-11-29 12:20:35.483528+05:30	2025-11-29 12:20:35.483573+05:30	f	razorpay	0.00	980.00	order_RlSlgTLUb65zfb	f	7	32	6	1400.00
59	F9D49C88	2	1400.00	2025-11-29 12:20:47.563984+05:30	2025-11-29 12:21:07.199781+05:30	f	razorpay	0.00	0.00	order_RlSltjjhF2NbSo	t	7	32	\N	1400.00
60	3E304737	2	1675.00	2025-11-30 23:24:56.641479+05:30	2025-11-30 23:25:19.385133+05:30	f	razorpay	0.00	0.00	order_Rm2caBtKjIqiMn	t	11	33	\N	1675.00
61	43897C32	1	3704.00	2025-12-01 13:16:14.429933+05:30	2025-12-01 13:16:14.429978+05:30	f	cod	0.00	926.00	\N	f	6	30	6	180.00
62	9BC5DA78	2	2320.00	2025-12-01 18:01:39.458094+05:30	2025-12-01 18:01:39.458112+05:30	f	wallet	0.00	580.00	\N	t	6	30	6	2900.00
63	09D37D31	1	1350.00	2025-12-01 18:21:23.270219+05:30	2025-12-01 18:21:43.688283+05:30	f	razorpay	0.00	0.00	order_RmLz2lr9cGgFlz	t	6	30	\N	1350.00
64	BD737D74	1	200.00	2025-12-02 12:06:27.494885+05:30	2025-12-02 12:06:27.49489+05:30	f	wallet	0.00	0.00	\N	t	1	18	\N	200.00
65	7F1E6A7A	1	720.00	2025-12-02 12:27:33.959823+05:30	2025-12-02 12:27:55.099914+05:30	f	razorpay	0.00	0.00	order_RmeUPeFPGbQvuF	t	1	18	\N	720.00
\.


--
-- Data for Name: user_app_referral; Type: TABLE DATA; Schema: public; Owner: postgres
--

COPY public.user_app_referral (id, reward_given, reward_amount, created_at, referred_user_id, referrer_id) FROM stdin;
\.


--
-- Data for Name: user_app_review; Type: TABLE DATA; Schema: public; Owner: postgres
--

COPY public.user_app_review (id, comment, rating, product_id, user_id, image, created_at) FROM stdin;
3	The packing was good. I am using it for my diet	3	26	7	\N	2025-11-29
4	Not satisfied	2	26	7	image/upload/v1764400126/bfxocetxzwn5n0vioudn.webp	2025-11-29
5	Best ever pista I have ever tried. Thank you	5	9	6	image/upload/v1764592558/fir375ikfsfjoeugkvvs.webp	2025-12-01
\.


--
-- Data for Name: user_app_useraddress; Type: TABLE DATA; Schema: public; Owner: postgres
--

COPY public.user_app_useraddress (id, house_name, street, landmark, city, pincode, state, image, created_at, updated_at, is_deleted, is_primary, user_id) FROM stdin;
1	rosewilla	30th main	near park	kochi	632522	kerala	\N	2025-11-25	2025-11-25	f	f	3
14	fgdh hrjhrj	rherherh	hjrjbn hhjrj rjrjrhrj	hfjfndfsgdh	444444444	fgnfhhdgh	\N	2025-11-27	2025-11-27	f	f	3
15	rghethg ehh	hrhehewjh	hetwe hrheh eatw	gegeg	45678988	hsdgh	\N	2025-11-27	2025-11-27	f	f	3
16	etyetjh	hwetyhweh	hwethewtgeb hgh	hethrt	567898999	atehfgnfgh	\N	2025-11-27	2025-11-27	f	f	3
18	Pathiyaparambath House	Thalikulam	Near Juma Masjid	Thrissur	680569	Kerala	\N	2025-11-27	2025-11-27	f	f	1
30	Flowerstone	Thalikulam	Near School	Thrissur	685236	Kerala	\N	2025-11-28	2025-11-28	f	f	6
32	Rosewilla	30th main	Near	ggggggu	876787	ghfdhfdgh	\N	2025-11-28	2025-11-28	f	f	7
33	ddddddddd	nnnnn	iiiiiiiiii	cccccccc	998789	gggg	\N	2025-11-30	2025-11-30	f	f	11
\.


--
-- Data for Name: user_app_wallet; Type: TABLE DATA; Schema: public; Owner: postgres
--

COPY public.user_app_wallet (id, balance, user_id) FROM stdin;
2	2140.00	3
5	664.50	7
6	675.00	11
4	680.00	6
3	1180.00	1
\.


--
-- Data for Name: user_app_wallettransaction; Type: TABLE DATA; Schema: public; Owner: postgres
--

COPY public.user_app_wallettransaction (id, amount, transaction_type, is_paid, razorpay_order_id, created_at, wallet_id, "transactionID", order_id, source) FROM stdin;
5	130.00	credit	f	\N	2025-11-26 10:41:02.808269+05:30	2	20DB59DD	\N	null
6	5000.00	credit	t	order_RkHXDM4DK524e2	2025-11-26 12:42:37.676838+05:30	2	3BDC3191	\N	null
7	2130.00	debit	t	\N	2025-11-26 12:42:48.540743+05:30	2	B1109DC5	\N	null
8	1000.00	credit	f	\N	2025-11-26 12:48:27.874131+05:30	2	C2F95525	47	order_cancel
9	10.00	credit	t	order_RkHeAklIc3sGMc	2025-11-26 12:49:10.875722+05:30	2	59D64830	\N	razorpay
10	390.00	credit	f	\N	2025-11-26 13:02:08.621429+05:30	2	604705BC	47	order_cancel
11	390.00	credit	f	\N	2025-11-26 13:08:09.047226+05:30	2	176A7ECE	41	order_return
12	770.00	debit	t	\N	2025-11-26 13:29:05.272768+05:30	2	D67E0CC5	48	order_debit
13	940.00	debit	t	\N	2025-11-27 00:15:27.717219+05:30	2	6AF5CC68	49	order_debit
14	940.00	debit	t	\N	2025-11-27 10:01:40.350448+05:30	2	667DEE41	\N	order_debit
15	180.00	credit	f	\N	2025-11-28 00:53:47.346319+05:30	3	67B7822B	53	order_cancel
16	100.00	credit	t	order_RksXWiY3rdOmSs	2025-11-28 00:54:38.187549+05:30	3	BEFB7496	\N	razorpay
17	3000.00	credit	t	order_Rl6SSbFx4tmaZe	2025-11-28 14:31:27.899889+05:30	4	9FBFBB81	\N	razorpay
18	2550.00	debit	t	\N	2025-11-28 14:32:01.454929+05:30	4	70A6E14A	54	order_debit
19	2550.00	credit	f	\N	2025-11-28 14:34:39.796255+05:30	4	727D4662	54	order_return
20	720.00	credit	f	\N	2025-11-28 14:55:27.525633+05:30	3	FC910C42	\N	order_cancel
21	364.50	credit	f	\N	2025-11-28 17:24:16.340217+05:30	5	E1E0655C	56	order_cancel
22	300.00	credit	f	\N	2025-11-28 17:26:30.07736+05:30	5	68C0B82D	56	order_return
23	675.00	credit	f	\N	2025-11-30 23:25:44.786126+05:30	6	A5120881	60	order_cancel
24	2320.00	debit	t	\N	2025-12-01 18:01:39.467461+05:30	4	F01A2A06	62	order_debit
25	180.00	credit	f	\N	2025-12-02 10:47:48.96417+05:30	3	BDC975F9	52	order_return
26	200.00	debit	t	\N	2025-12-02 12:06:27.508128+05:30	3	2CD577D3	64	order_debit
27	200.00	credit	f	\N	2025-12-02 12:07:39.466053+05:30	3	7045819C	64	order_return
\.


--
-- Data for Name: user_app_wishlist; Type: TABLE DATA; Schema: public; Owner: postgres
--

COPY public.user_app_wishlist (id, created_at, user_id) FROM stdin;
1	2025-11-25 18:12:27.432092+05:30	3
2	2025-11-27 17:40:30.374033+05:30	1
3	2025-11-28 14:26:06.261227+05:30	6
4	2025-11-28 17:11:27.3509+05:30	7
5	2025-11-29 16:39:21.924078+05:30	11
\.


--
-- Data for Name: user_app_wishlistitem; Type: TABLE DATA; Schema: public; Owner: postgres
--

COPY public.user_app_wishlistitem (id, product_id, wishlist_id) FROM stdin;
44	8	5
100	25	3
102	9	3
52	4	5
\.


--
-- Name: account_emailaddress_id_seq; Type: SEQUENCE SET; Schema: public; Owner: postgres
--

SELECT pg_catalog.setval('public.account_emailaddress_id_seq', 1, true);


--
-- Name: account_emailconfirmation_id_seq; Type: SEQUENCE SET; Schema: public; Owner: postgres
--

SELECT pg_catalog.setval('public.account_emailconfirmation_id_seq', 1, false);


--
-- Name: admin_app_banner_id_seq; Type: SEQUENCE SET; Schema: public; Owner: postgres
--

SELECT pg_catalog.setval('public.admin_app_banner_id_seq', 8, true);


--
-- Name: admin_app_category_id_seq; Type: SEQUENCE SET; Schema: public; Owner: postgres
--

SELECT pg_catalog.setval('public.admin_app_category_id_seq', 4, true);


--
-- Name: admin_app_categoryoffer_id_seq; Type: SEQUENCE SET; Schema: public; Owner: postgres
--

SELECT pg_catalog.setval('public.admin_app_categoryoffer_id_seq', 1, true);


--
-- Name: admin_app_coupon_id_seq; Type: SEQUENCE SET; Schema: public; Owner: postgres
--

SELECT pg_catalog.setval('public.admin_app_coupon_id_seq', 6, true);


--
-- Name: admin_app_couponusage_id_seq; Type: SEQUENCE SET; Schema: public; Owner: postgres
--

SELECT pg_catalog.setval('public.admin_app_couponusage_id_seq', 3, true);


--
-- Name: admin_app_productimage_id_seq; Type: SEQUENCE SET; Schema: public; Owner: postgres
--

SELECT pg_catalog.setval('public.admin_app_productimage_id_seq', 30, true);


--
-- Name: admin_app_productoffer_id_seq; Type: SEQUENCE SET; Schema: public; Owner: postgres
--

SELECT pg_catalog.setval('public.admin_app_productoffer_id_seq', 3, true);


--
-- Name: admin_app_products_id_seq; Type: SEQUENCE SET; Schema: public; Owner: postgres
--

SELECT pg_catalog.setval('public.admin_app_products_id_seq', 12, true);


--
-- Name: admin_app_productvariant_id_seq; Type: SEQUENCE SET; Schema: public; Owner: postgres
--

SELECT pg_catalog.setval('public.admin_app_productvariant_id_seq', 30, true);


--
-- Name: auth_group_id_seq; Type: SEQUENCE SET; Schema: public; Owner: postgres
--

SELECT pg_catalog.setval('public.auth_group_id_seq', 1, false);


--
-- Name: auth_group_permissions_id_seq; Type: SEQUENCE SET; Schema: public; Owner: postgres
--

SELECT pg_catalog.setval('public.auth_group_permissions_id_seq', 1, false);


--
-- Name: auth_permission_id_seq; Type: SEQUENCE SET; Schema: public; Owner: postgres
--

SELECT pg_catalog.setval('public.auth_permission_id_seq', 132, true);


--
-- Name: django_admin_log_id_seq; Type: SEQUENCE SET; Schema: public; Owner: postgres
--

SELECT pg_catalog.setval('public.django_admin_log_id_seq', 1, false);


--
-- Name: django_content_type_id_seq; Type: SEQUENCE SET; Schema: public; Owner: postgres
--

SELECT pg_catalog.setval('public.django_content_type_id_seq', 33, true);


--
-- Name: django_migrations_id_seq; Type: SEQUENCE SET; Schema: public; Owner: postgres
--

SELECT pg_catalog.setval('public.django_migrations_id_seq', 66, true);


--
-- Name: django_site_id_seq; Type: SEQUENCE SET; Schema: public; Owner: postgres
--

SELECT pg_catalog.setval('public.django_site_id_seq', 1, true);


--
-- Name: socialaccount_socialaccount_id_seq; Type: SEQUENCE SET; Schema: public; Owner: postgres
--

SELECT pg_catalog.setval('public.socialaccount_socialaccount_id_seq', 1, true);


--
-- Name: socialaccount_socialapp_id_seq; Type: SEQUENCE SET; Schema: public; Owner: postgres
--

SELECT pg_catalog.setval('public.socialaccount_socialapp_id_seq', 1, false);


--
-- Name: socialaccount_socialapp_sites_id_seq; Type: SEQUENCE SET; Schema: public; Owner: postgres
--

SELECT pg_catalog.setval('public.socialaccount_socialapp_sites_id_seq', 1, false);


--
-- Name: socialaccount_socialtoken_id_seq; Type: SEQUENCE SET; Schema: public; Owner: postgres
--

SELECT pg_catalog.setval('public.socialaccount_socialtoken_id_seq', 1, false);


--
-- Name: user_app_cart_id_seq; Type: SEQUENCE SET; Schema: public; Owner: postgres
--

SELECT pg_catalog.setval('public.user_app_cart_id_seq', 6, true);


--
-- Name: user_app_cartitem_id_seq; Type: SEQUENCE SET; Schema: public; Owner: postgres
--

SELECT pg_catalog.setval('public.user_app_cartitem_id_seq', 65, true);


--
-- Name: user_app_customuser_groups_id_seq; Type: SEQUENCE SET; Schema: public; Owner: postgres
--

SELECT pg_catalog.setval('public.user_app_customuser_groups_id_seq', 1, false);


--
-- Name: user_app_customuser_id_seq; Type: SEQUENCE SET; Schema: public; Owner: postgres
--

SELECT pg_catalog.setval('public.user_app_customuser_id_seq', 11, true);


--
-- Name: user_app_customuser_user_permissions_id_seq; Type: SEQUENCE SET; Schema: public; Owner: postgres
--

SELECT pg_catalog.setval('public.user_app_customuser_user_permissions_id_seq', 1, false);


--
-- Name: user_app_orderitem_id_seq; Type: SEQUENCE SET; Schema: public; Owner: postgres
--

SELECT pg_catalog.setval('public.user_app_orderitem_id_seq', 88, true);


--
-- Name: user_app_orderreturn_id_seq; Type: SEQUENCE SET; Schema: public; Owner: postgres
--

SELECT pg_catalog.setval('public.user_app_orderreturn_id_seq', 6, true);


--
-- Name: user_app_orders_id_seq; Type: SEQUENCE SET; Schema: public; Owner: postgres
--

SELECT pg_catalog.setval('public.user_app_orders_id_seq', 65, true);


--
-- Name: user_app_referral_id_seq; Type: SEQUENCE SET; Schema: public; Owner: postgres
--

SELECT pg_catalog.setval('public.user_app_referral_id_seq', 1, false);


--
-- Name: user_app_review_id_seq; Type: SEQUENCE SET; Schema: public; Owner: postgres
--

SELECT pg_catalog.setval('public.user_app_review_id_seq', 5, true);


--
-- Name: user_app_useraddress_id_seq; Type: SEQUENCE SET; Schema: public; Owner: postgres
--

SELECT pg_catalog.setval('public.user_app_useraddress_id_seq', 33, true);


--
-- Name: user_app_wallet_id_seq; Type: SEQUENCE SET; Schema: public; Owner: postgres
--

SELECT pg_catalog.setval('public.user_app_wallet_id_seq', 6, true);


--
-- Name: user_app_wallettransaction_id_seq; Type: SEQUENCE SET; Schema: public; Owner: postgres
--

SELECT pg_catalog.setval('public.user_app_wallettransaction_id_seq', 27, true);


--
-- Name: user_app_wishlist_id_seq; Type: SEQUENCE SET; Schema: public; Owner: postgres
--

SELECT pg_catalog.setval('public.user_app_wishlist_id_seq', 5, true);


--
-- Name: user_app_wishlistitem_id_seq; Type: SEQUENCE SET; Schema: public; Owner: postgres
--

SELECT pg_catalog.setval('public.user_app_wishlistitem_id_seq', 114, true);


--
-- Name: account_emailaddress account_emailaddress_pkey; Type: CONSTRAINT; Schema: public; Owner: postgres
--

ALTER TABLE ONLY public.account_emailaddress
    ADD CONSTRAINT account_emailaddress_pkey PRIMARY KEY (id);


--
-- Name: account_emailaddress account_emailaddress_user_id_email_987c8728_uniq; Type: CONSTRAINT; Schema: public; Owner: postgres
--

ALTER TABLE ONLY public.account_emailaddress
    ADD CONSTRAINT account_emailaddress_user_id_email_987c8728_uniq UNIQUE (user_id, email);


--
-- Name: account_emailconfirmation account_emailconfirmation_key_key; Type: CONSTRAINT; Schema: public; Owner: postgres
--

ALTER TABLE ONLY public.account_emailconfirmation
    ADD CONSTRAINT account_emailconfirmation_key_key UNIQUE (key);


--
-- Name: account_emailconfirmation account_emailconfirmation_pkey; Type: CONSTRAINT; Schema: public; Owner: postgres
--

ALTER TABLE ONLY public.account_emailconfirmation
    ADD CONSTRAINT account_emailconfirmation_pkey PRIMARY KEY (id);


--
-- Name: admin_app_banner admin_app_banner_pkey; Type: CONSTRAINT; Schema: public; Owner: postgres
--

ALTER TABLE ONLY public.admin_app_banner
    ADD CONSTRAINT admin_app_banner_pkey PRIMARY KEY (id);


--
-- Name: admin_app_category admin_app_category_name_key; Type: CONSTRAINT; Schema: public; Owner: postgres
--

ALTER TABLE ONLY public.admin_app_category
    ADD CONSTRAINT admin_app_category_name_key UNIQUE (name);


--
-- Name: admin_app_category admin_app_category_pkey; Type: CONSTRAINT; Schema: public; Owner: postgres
--

ALTER TABLE ONLY public.admin_app_category
    ADD CONSTRAINT admin_app_category_pkey PRIMARY KEY (id);


--
-- Name: admin_app_categoryoffer admin_app_categoryoffer_pkey; Type: CONSTRAINT; Schema: public; Owner: postgres
--

ALTER TABLE ONLY public.admin_app_categoryoffer
    ADD CONSTRAINT admin_app_categoryoffer_pkey PRIMARY KEY (id);


--
-- Name: admin_app_coupon admin_app_coupon_code_key; Type: CONSTRAINT; Schema: public; Owner: postgres
--

ALTER TABLE ONLY public.admin_app_coupon
    ADD CONSTRAINT admin_app_coupon_code_key UNIQUE (code);


--
-- Name: admin_app_coupon admin_app_coupon_pkey; Type: CONSTRAINT; Schema: public; Owner: postgres
--

ALTER TABLE ONLY public.admin_app_coupon
    ADD CONSTRAINT admin_app_coupon_pkey PRIMARY KEY (id);


--
-- Name: admin_app_couponusage admin_app_couponusage_pkey; Type: CONSTRAINT; Schema: public; Owner: postgres
--

ALTER TABLE ONLY public.admin_app_couponusage
    ADD CONSTRAINT admin_app_couponusage_pkey PRIMARY KEY (id);


--
-- Name: admin_app_productimage admin_app_productimage_pkey; Type: CONSTRAINT; Schema: public; Owner: postgres
--

ALTER TABLE ONLY public.admin_app_productimage
    ADD CONSTRAINT admin_app_productimage_pkey PRIMARY KEY (id);


--
-- Name: admin_app_productoffer admin_app_productoffer_pkey; Type: CONSTRAINT; Schema: public; Owner: postgres
--

ALTER TABLE ONLY public.admin_app_productoffer
    ADD CONSTRAINT admin_app_productoffer_pkey PRIMARY KEY (id);


--
-- Name: admin_app_products admin_app_products_pkey; Type: CONSTRAINT; Schema: public; Owner: postgres
--

ALTER TABLE ONLY public.admin_app_products
    ADD CONSTRAINT admin_app_products_pkey PRIMARY KEY (id);


--
-- Name: admin_app_productvariant admin_app_productvariant_pkey; Type: CONSTRAINT; Schema: public; Owner: postgres
--

ALTER TABLE ONLY public.admin_app_productvariant
    ADD CONSTRAINT admin_app_productvariant_pkey PRIMARY KEY (id);


--
-- Name: auth_group auth_group_name_key; Type: CONSTRAINT; Schema: public; Owner: postgres
--

ALTER TABLE ONLY public.auth_group
    ADD CONSTRAINT auth_group_name_key UNIQUE (name);


--
-- Name: auth_group_permissions auth_group_permissions_group_id_permission_id_0cd325b0_uniq; Type: CONSTRAINT; Schema: public; Owner: postgres
--

ALTER TABLE ONLY public.auth_group_permissions
    ADD CONSTRAINT auth_group_permissions_group_id_permission_id_0cd325b0_uniq UNIQUE (group_id, permission_id);


--
-- Name: auth_group_permissions auth_group_permissions_pkey; Type: CONSTRAINT; Schema: public; Owner: postgres
--

ALTER TABLE ONLY public.auth_group_permissions
    ADD CONSTRAINT auth_group_permissions_pkey PRIMARY KEY (id);


--
-- Name: auth_group auth_group_pkey; Type: CONSTRAINT; Schema: public; Owner: postgres
--

ALTER TABLE ONLY public.auth_group
    ADD CONSTRAINT auth_group_pkey PRIMARY KEY (id);


--
-- Name: auth_permission auth_permission_content_type_id_codename_01ab375a_uniq; Type: CONSTRAINT; Schema: public; Owner: postgres
--

ALTER TABLE ONLY public.auth_permission
    ADD CONSTRAINT auth_permission_content_type_id_codename_01ab375a_uniq UNIQUE (content_type_id, codename);


--
-- Name: auth_permission auth_permission_pkey; Type: CONSTRAINT; Schema: public; Owner: postgres
--

ALTER TABLE ONLY public.auth_permission
    ADD CONSTRAINT auth_permission_pkey PRIMARY KEY (id);


--
-- Name: django_admin_log django_admin_log_pkey; Type: CONSTRAINT; Schema: public; Owner: postgres
--

ALTER TABLE ONLY public.django_admin_log
    ADD CONSTRAINT django_admin_log_pkey PRIMARY KEY (id);


--
-- Name: django_content_type django_content_type_app_label_model_76bd3d3b_uniq; Type: CONSTRAINT; Schema: public; Owner: postgres
--

ALTER TABLE ONLY public.django_content_type
    ADD CONSTRAINT django_content_type_app_label_model_76bd3d3b_uniq UNIQUE (app_label, model);


--
-- Name: django_content_type django_content_type_pkey; Type: CONSTRAINT; Schema: public; Owner: postgres
--

ALTER TABLE ONLY public.django_content_type
    ADD CONSTRAINT django_content_type_pkey PRIMARY KEY (id);


--
-- Name: django_migrations django_migrations_pkey; Type: CONSTRAINT; Schema: public; Owner: postgres
--

ALTER TABLE ONLY public.django_migrations
    ADD CONSTRAINT django_migrations_pkey PRIMARY KEY (id);


--
-- Name: django_session django_session_pkey; Type: CONSTRAINT; Schema: public; Owner: postgres
--

ALTER TABLE ONLY public.django_session
    ADD CONSTRAINT django_session_pkey PRIMARY KEY (session_key);


--
-- Name: django_site django_site_domain_a2e37b91_uniq; Type: CONSTRAINT; Schema: public; Owner: postgres
--

ALTER TABLE ONLY public.django_site
    ADD CONSTRAINT django_site_domain_a2e37b91_uniq UNIQUE (domain);


--
-- Name: django_site django_site_pkey; Type: CONSTRAINT; Schema: public; Owner: postgres
--

ALTER TABLE ONLY public.django_site
    ADD CONSTRAINT django_site_pkey PRIMARY KEY (id);


--
-- Name: socialaccount_socialaccount socialaccount_socialaccount_pkey; Type: CONSTRAINT; Schema: public; Owner: postgres
--

ALTER TABLE ONLY public.socialaccount_socialaccount
    ADD CONSTRAINT socialaccount_socialaccount_pkey PRIMARY KEY (id);


--
-- Name: socialaccount_socialaccount socialaccount_socialaccount_provider_uid_fc810c6e_uniq; Type: CONSTRAINT; Schema: public; Owner: postgres
--

ALTER TABLE ONLY public.socialaccount_socialaccount
    ADD CONSTRAINT socialaccount_socialaccount_provider_uid_fc810c6e_uniq UNIQUE (provider, uid);


--
-- Name: socialaccount_socialapp_sites socialaccount_socialapp__socialapp_id_site_id_71a9a768_uniq; Type: CONSTRAINT; Schema: public; Owner: postgres
--

ALTER TABLE ONLY public.socialaccount_socialapp_sites
    ADD CONSTRAINT socialaccount_socialapp__socialapp_id_site_id_71a9a768_uniq UNIQUE (socialapp_id, site_id);


--
-- Name: socialaccount_socialapp socialaccount_socialapp_pkey; Type: CONSTRAINT; Schema: public; Owner: postgres
--

ALTER TABLE ONLY public.socialaccount_socialapp
    ADD CONSTRAINT socialaccount_socialapp_pkey PRIMARY KEY (id);


--
-- Name: socialaccount_socialapp_sites socialaccount_socialapp_sites_pkey; Type: CONSTRAINT; Schema: public; Owner: postgres
--

ALTER TABLE ONLY public.socialaccount_socialapp_sites
    ADD CONSTRAINT socialaccount_socialapp_sites_pkey PRIMARY KEY (id);


--
-- Name: socialaccount_socialtoken socialaccount_socialtoken_app_id_account_id_fca4e0ac_uniq; Type: CONSTRAINT; Schema: public; Owner: postgres
--

ALTER TABLE ONLY public.socialaccount_socialtoken
    ADD CONSTRAINT socialaccount_socialtoken_app_id_account_id_fca4e0ac_uniq UNIQUE (app_id, account_id);


--
-- Name: socialaccount_socialtoken socialaccount_socialtoken_pkey; Type: CONSTRAINT; Schema: public; Owner: postgres
--

ALTER TABLE ONLY public.socialaccount_socialtoken
    ADD CONSTRAINT socialaccount_socialtoken_pkey PRIMARY KEY (id);


--
-- Name: user_app_cart user_app_cart_pkey; Type: CONSTRAINT; Schema: public; Owner: postgres
--

ALTER TABLE ONLY public.user_app_cart
    ADD CONSTRAINT user_app_cart_pkey PRIMARY KEY (id);


--
-- Name: user_app_cartitem user_app_cartitem_pkey; Type: CONSTRAINT; Schema: public; Owner: postgres
--

ALTER TABLE ONLY public.user_app_cartitem
    ADD CONSTRAINT user_app_cartitem_pkey PRIMARY KEY (id);


--
-- Name: user_app_customuser user_app_customuser_email_key; Type: CONSTRAINT; Schema: public; Owner: postgres
--

ALTER TABLE ONLY public.user_app_customuser
    ADD CONSTRAINT user_app_customuser_email_key UNIQUE (email);


--
-- Name: user_app_customuser_groups user_app_customuser_groups_customuser_id_group_id_bf9f6b25_uniq; Type: CONSTRAINT; Schema: public; Owner: postgres
--

ALTER TABLE ONLY public.user_app_customuser_groups
    ADD CONSTRAINT user_app_customuser_groups_customuser_id_group_id_bf9f6b25_uniq UNIQUE (customuser_id, group_id);


--
-- Name: user_app_customuser_groups user_app_customuser_groups_pkey; Type: CONSTRAINT; Schema: public; Owner: postgres
--

ALTER TABLE ONLY public.user_app_customuser_groups
    ADD CONSTRAINT user_app_customuser_groups_pkey PRIMARY KEY (id);


--
-- Name: user_app_customuser user_app_customuser_phone_number_key; Type: CONSTRAINT; Schema: public; Owner: postgres
--

ALTER TABLE ONLY public.user_app_customuser
    ADD CONSTRAINT user_app_customuser_phone_number_key UNIQUE (phone_number);


--
-- Name: user_app_customuser user_app_customuser_pkey; Type: CONSTRAINT; Schema: public; Owner: postgres
--

ALTER TABLE ONLY public.user_app_customuser
    ADD CONSTRAINT user_app_customuser_pkey PRIMARY KEY (id);


--
-- Name: user_app_customuser user_app_customuser_referralID_key; Type: CONSTRAINT; Schema: public; Owner: postgres
--

ALTER TABLE ONLY public.user_app_customuser
    ADD CONSTRAINT "user_app_customuser_referralID_key" UNIQUE ("referralID");


--
-- Name: user_app_customuser_user_permissions user_app_customuser_user_customuser_id_permission_51a272ef_uniq; Type: CONSTRAINT; Schema: public; Owner: postgres
--

ALTER TABLE ONLY public.user_app_customuser_user_permissions
    ADD CONSTRAINT user_app_customuser_user_customuser_id_permission_51a272ef_uniq UNIQUE (customuser_id, permission_id);


--
-- Name: user_app_customuser_user_permissions user_app_customuser_user_permissions_pkey; Type: CONSTRAINT; Schema: public; Owner: postgres
--

ALTER TABLE ONLY public.user_app_customuser_user_permissions
    ADD CONSTRAINT user_app_customuser_user_permissions_pkey PRIMARY KEY (id);


--
-- Name: user_app_orderitem user_app_orderitem_pkey; Type: CONSTRAINT; Schema: public; Owner: postgres
--

ALTER TABLE ONLY public.user_app_orderitem
    ADD CONSTRAINT user_app_orderitem_pkey PRIMARY KEY (id);


--
-- Name: user_app_orderreturn user_app_orderreturn_item_id_d0035f7d_uniq; Type: CONSTRAINT; Schema: public; Owner: postgres
--

ALTER TABLE ONLY public.user_app_orderreturn
    ADD CONSTRAINT user_app_orderreturn_item_id_d0035f7d_uniq UNIQUE (item_id);


--
-- Name: user_app_orderreturn user_app_orderreturn_pkey; Type: CONSTRAINT; Schema: public; Owner: postgres
--

ALTER TABLE ONLY public.user_app_orderreturn
    ADD CONSTRAINT user_app_orderreturn_pkey PRIMARY KEY (id);


--
-- Name: user_app_orders user_app_orders_orderID_key; Type: CONSTRAINT; Schema: public; Owner: postgres
--

ALTER TABLE ONLY public.user_app_orders
    ADD CONSTRAINT "user_app_orders_orderID_key" UNIQUE ("orderID");


--
-- Name: user_app_orders user_app_orders_pkey; Type: CONSTRAINT; Schema: public; Owner: postgres
--

ALTER TABLE ONLY public.user_app_orders
    ADD CONSTRAINT user_app_orders_pkey PRIMARY KEY (id);


--
-- Name: user_app_referral user_app_referral_pkey; Type: CONSTRAINT; Schema: public; Owner: postgres
--

ALTER TABLE ONLY public.user_app_referral
    ADD CONSTRAINT user_app_referral_pkey PRIMARY KEY (id);


--
-- Name: user_app_review user_app_review_pkey; Type: CONSTRAINT; Schema: public; Owner: postgres
--

ALTER TABLE ONLY public.user_app_review
    ADD CONSTRAINT user_app_review_pkey PRIMARY KEY (id);


--
-- Name: user_app_useraddress user_app_useraddress_pkey; Type: CONSTRAINT; Schema: public; Owner: postgres
--

ALTER TABLE ONLY public.user_app_useraddress
    ADD CONSTRAINT user_app_useraddress_pkey PRIMARY KEY (id);


--
-- Name: user_app_wallet user_app_wallet_pkey; Type: CONSTRAINT; Schema: public; Owner: postgres
--

ALTER TABLE ONLY public.user_app_wallet
    ADD CONSTRAINT user_app_wallet_pkey PRIMARY KEY (id);


--
-- Name: user_app_wallettransaction user_app_wallettransaction_pkey; Type: CONSTRAINT; Schema: public; Owner: postgres
--

ALTER TABLE ONLY public.user_app_wallettransaction
    ADD CONSTRAINT user_app_wallettransaction_pkey PRIMARY KEY (id);


--
-- Name: user_app_wallettransaction user_app_wallettransaction_transactionID_e6b36cb7_uniq; Type: CONSTRAINT; Schema: public; Owner: postgres
--

ALTER TABLE ONLY public.user_app_wallettransaction
    ADD CONSTRAINT "user_app_wallettransaction_transactionID_e6b36cb7_uniq" UNIQUE ("transactionID");


--
-- Name: user_app_wishlist user_app_wishlist_pkey; Type: CONSTRAINT; Schema: public; Owner: postgres
--

ALTER TABLE ONLY public.user_app_wishlist
    ADD CONSTRAINT user_app_wishlist_pkey PRIMARY KEY (id);


--
-- Name: user_app_wishlistitem user_app_wishlistitem_pkey; Type: CONSTRAINT; Schema: public; Owner: postgres
--

ALTER TABLE ONLY public.user_app_wishlistitem
    ADD CONSTRAINT user_app_wishlistitem_pkey PRIMARY KEY (id);


--
-- Name: user_app_wishlistitem user_app_wishlistitem_wishlist_id_product_id_13fdbdf1_uniq; Type: CONSTRAINT; Schema: public; Owner: postgres
--

ALTER TABLE ONLY public.user_app_wishlistitem
    ADD CONSTRAINT user_app_wishlistitem_wishlist_id_product_id_13fdbdf1_uniq UNIQUE (wishlist_id, product_id);


--
-- Name: account_emailaddress_email_03be32b2; Type: INDEX; Schema: public; Owner: postgres
--

CREATE INDEX account_emailaddress_email_03be32b2 ON public.account_emailaddress USING btree (email);


--
-- Name: account_emailaddress_email_03be32b2_like; Type: INDEX; Schema: public; Owner: postgres
--

CREATE INDEX account_emailaddress_email_03be32b2_like ON public.account_emailaddress USING btree (email varchar_pattern_ops);


--
-- Name: account_emailaddress_user_id_2c513194; Type: INDEX; Schema: public; Owner: postgres
--

CREATE INDEX account_emailaddress_user_id_2c513194 ON public.account_emailaddress USING btree (user_id);


--
-- Name: account_emailconfirmation_email_address_id_5b7f8c58; Type: INDEX; Schema: public; Owner: postgres
--

CREATE INDEX account_emailconfirmation_email_address_id_5b7f8c58 ON public.account_emailconfirmation USING btree (email_address_id);


--
-- Name: account_emailconfirmation_key_f43612bd_like; Type: INDEX; Schema: public; Owner: postgres
--

CREATE INDEX account_emailconfirmation_key_f43612bd_like ON public.account_emailconfirmation USING btree (key varchar_pattern_ops);


--
-- Name: admin_app_c_is_acti_af2b99_idx; Type: INDEX; Schema: public; Owner: postgres
--

CREATE INDEX admin_app_c_is_acti_af2b99_idx ON public.admin_app_categoryoffer USING btree (is_active, end_date);


--
-- Name: admin_app_category_name_fda4e011_like; Type: INDEX; Schema: public; Owner: postgres
--

CREATE INDEX admin_app_category_name_fda4e011_like ON public.admin_app_category USING btree (name varchar_pattern_ops);


--
-- Name: admin_app_categoryoffer_category_id_e681be03; Type: INDEX; Schema: public; Owner: postgres
--

CREATE INDEX admin_app_categoryoffer_category_id_e681be03 ON public.admin_app_categoryoffer USING btree (category_id);


--
-- Name: admin_app_coupon_code_de24bea3_like; Type: INDEX; Schema: public; Owner: postgres
--

CREATE INDEX admin_app_coupon_code_de24bea3_like ON public.admin_app_coupon USING btree (code varchar_pattern_ops);


--
-- Name: admin_app_couponusage_coupon_id_4c7f1ca5; Type: INDEX; Schema: public; Owner: postgres
--

CREATE INDEX admin_app_couponusage_coupon_id_4c7f1ca5 ON public.admin_app_couponusage USING btree (coupon_id);


--
-- Name: admin_app_couponusage_user_id_ba37be27; Type: INDEX; Schema: public; Owner: postgres
--

CREATE INDEX admin_app_couponusage_user_id_ba37be27 ON public.admin_app_couponusage USING btree (user_id);


--
-- Name: admin_app_p_is_acti_1a5141_idx; Type: INDEX; Schema: public; Owner: postgres
--

CREATE INDEX admin_app_p_is_acti_1a5141_idx ON public.admin_app_productoffer USING btree (is_active, end_date);


--
-- Name: admin_app_productimage_product_id_cb441fc7; Type: INDEX; Schema: public; Owner: postgres
--

CREATE INDEX admin_app_productimage_product_id_cb441fc7 ON public.admin_app_productimage USING btree (product_id);


--
-- Name: admin_app_productoffer_product_id_a24cac35; Type: INDEX; Schema: public; Owner: postgres
--

CREATE INDEX admin_app_productoffer_product_id_a24cac35 ON public.admin_app_productoffer USING btree (product_id);


--
-- Name: admin_app_products_category_id_5efa0b3a; Type: INDEX; Schema: public; Owner: postgres
--

CREATE INDEX admin_app_products_category_id_5efa0b3a ON public.admin_app_products USING btree (category_id);


--
-- Name: admin_app_productvariant_product_id_654e8904; Type: INDEX; Schema: public; Owner: postgres
--

CREATE INDEX admin_app_productvariant_product_id_654e8904 ON public.admin_app_productvariant USING btree (product_id);


--
-- Name: auth_group_name_a6ea08ec_like; Type: INDEX; Schema: public; Owner: postgres
--

CREATE INDEX auth_group_name_a6ea08ec_like ON public.auth_group USING btree (name varchar_pattern_ops);


--
-- Name: auth_group_permissions_group_id_b120cbf9; Type: INDEX; Schema: public; Owner: postgres
--

CREATE INDEX auth_group_permissions_group_id_b120cbf9 ON public.auth_group_permissions USING btree (group_id);


--
-- Name: auth_group_permissions_permission_id_84c5c92e; Type: INDEX; Schema: public; Owner: postgres
--

CREATE INDEX auth_group_permissions_permission_id_84c5c92e ON public.auth_group_permissions USING btree (permission_id);


--
-- Name: auth_permission_content_type_id_2f476e4b; Type: INDEX; Schema: public; Owner: postgres
--

CREATE INDEX auth_permission_content_type_id_2f476e4b ON public.auth_permission USING btree (content_type_id);


--
-- Name: django_admin_log_content_type_id_c4bce8eb; Type: INDEX; Schema: public; Owner: postgres
--

CREATE INDEX django_admin_log_content_type_id_c4bce8eb ON public.django_admin_log USING btree (content_type_id);


--
-- Name: django_admin_log_user_id_c564eba6; Type: INDEX; Schema: public; Owner: postgres
--

CREATE INDEX django_admin_log_user_id_c564eba6 ON public.django_admin_log USING btree (user_id);


--
-- Name: django_session_expire_date_a5c62663; Type: INDEX; Schema: public; Owner: postgres
--

CREATE INDEX django_session_expire_date_a5c62663 ON public.django_session USING btree (expire_date);


--
-- Name: django_session_session_key_c0390e0f_like; Type: INDEX; Schema: public; Owner: postgres
--

CREATE INDEX django_session_session_key_c0390e0f_like ON public.django_session USING btree (session_key varchar_pattern_ops);


--
-- Name: django_site_domain_a2e37b91_like; Type: INDEX; Schema: public; Owner: postgres
--

CREATE INDEX django_site_domain_a2e37b91_like ON public.django_site USING btree (domain varchar_pattern_ops);


--
-- Name: socialaccount_socialaccount_user_id_8146e70c; Type: INDEX; Schema: public; Owner: postgres
--

CREATE INDEX socialaccount_socialaccount_user_id_8146e70c ON public.socialaccount_socialaccount USING btree (user_id);


--
-- Name: socialaccount_socialapp_sites_site_id_2579dee5; Type: INDEX; Schema: public; Owner: postgres
--

CREATE INDEX socialaccount_socialapp_sites_site_id_2579dee5 ON public.socialaccount_socialapp_sites USING btree (site_id);


--
-- Name: socialaccount_socialapp_sites_socialapp_id_97fb6e7d; Type: INDEX; Schema: public; Owner: postgres
--

CREATE INDEX socialaccount_socialapp_sites_socialapp_id_97fb6e7d ON public.socialaccount_socialapp_sites USING btree (socialapp_id);


--
-- Name: socialaccount_socialtoken_account_id_951f210e; Type: INDEX; Schema: public; Owner: postgres
--

CREATE INDEX socialaccount_socialtoken_account_id_951f210e ON public.socialaccount_socialtoken USING btree (account_id);


--
-- Name: socialaccount_socialtoken_app_id_636a42d7; Type: INDEX; Schema: public; Owner: postgres
--

CREATE INDEX socialaccount_socialtoken_app_id_636a42d7 ON public.socialaccount_socialtoken USING btree (app_id);


--
-- Name: unique_primary_email; Type: INDEX; Schema: public; Owner: postgres
--

CREATE UNIQUE INDEX unique_primary_email ON public.account_emailaddress USING btree (user_id, "primary") WHERE "primary";


--
-- Name: unique_verified_email; Type: INDEX; Schema: public; Owner: postgres
--

CREATE UNIQUE INDEX unique_verified_email ON public.account_emailaddress USING btree (email) WHERE verified;


--
-- Name: user_app_cart_user_id_56ed8503; Type: INDEX; Schema: public; Owner: postgres
--

CREATE INDEX user_app_cart_user_id_56ed8503 ON public.user_app_cart USING btree (user_id);


--
-- Name: user_app_cartitem_cart_id_d6a7c2f7; Type: INDEX; Schema: public; Owner: postgres
--

CREATE INDEX user_app_cartitem_cart_id_d6a7c2f7 ON public.user_app_cartitem USING btree (cart_id);


--
-- Name: user_app_cartitem_product_id_eb0076f5; Type: INDEX; Schema: public; Owner: postgres
--

CREATE INDEX user_app_cartitem_product_id_eb0076f5 ON public.user_app_cartitem USING btree (product_id);


--
-- Name: user_app_customuser_email_ae7fa678_like; Type: INDEX; Schema: public; Owner: postgres
--

CREATE INDEX user_app_customuser_email_ae7fa678_like ON public.user_app_customuser USING btree (email varchar_pattern_ops);


--
-- Name: user_app_customuser_groups_customuser_id_32f0b28d; Type: INDEX; Schema: public; Owner: postgres
--

CREATE INDEX user_app_customuser_groups_customuser_id_32f0b28d ON public.user_app_customuser_groups USING btree (customuser_id);


--
-- Name: user_app_customuser_groups_group_id_1a21435f; Type: INDEX; Schema: public; Owner: postgres
--

CREATE INDEX user_app_customuser_groups_group_id_1a21435f ON public.user_app_customuser_groups USING btree (group_id);


--
-- Name: user_app_customuser_phone_number_e142b36f_like; Type: INDEX; Schema: public; Owner: postgres
--

CREATE INDEX user_app_customuser_phone_number_e142b36f_like ON public.user_app_customuser USING btree (phone_number varchar_pattern_ops);


--
-- Name: user_app_customuser_referralID_4f78fd61_like; Type: INDEX; Schema: public; Owner: postgres
--

CREATE INDEX "user_app_customuser_referralID_4f78fd61_like" ON public.user_app_customuser USING btree ("referralID" varchar_pattern_ops);


--
-- Name: user_app_customuser_referred_by_id_26dcc033; Type: INDEX; Schema: public; Owner: postgres
--

CREATE INDEX user_app_customuser_referred_by_id_26dcc033 ON public.user_app_customuser USING btree (referred_by_id);


--
-- Name: user_app_customuser_user_permissions_customuser_id_332b51e6; Type: INDEX; Schema: public; Owner: postgres
--

CREATE INDEX user_app_customuser_user_permissions_customuser_id_332b51e6 ON public.user_app_customuser_user_permissions USING btree (customuser_id);


--
-- Name: user_app_customuser_user_permissions_permission_id_d83009ba; Type: INDEX; Schema: public; Owner: postgres
--

CREATE INDEX user_app_customuser_user_permissions_permission_id_d83009ba ON public.user_app_customuser_user_permissions USING btree (permission_id);


--
-- Name: user_app_orderitem_order_id_a77ccb9e; Type: INDEX; Schema: public; Owner: postgres
--

CREATE INDEX user_app_orderitem_order_id_a77ccb9e ON public.user_app_orderitem USING btree (order_id);


--
-- Name: user_app_orderitem_product_id_f7eee58c; Type: INDEX; Schema: public; Owner: postgres
--

CREATE INDEX user_app_orderitem_product_id_f7eee58c ON public.user_app_orderitem USING btree (product_id);


--
-- Name: user_app_orderreturn_user_id_65cc33fe; Type: INDEX; Schema: public; Owner: postgres
--

CREATE INDEX user_app_orderreturn_user_id_65cc33fe ON public.user_app_orderreturn USING btree (user_id);


--
-- Name: user_app_orders_address_id_2db1bde1; Type: INDEX; Schema: public; Owner: postgres
--

CREATE INDEX user_app_orders_address_id_2db1bde1 ON public.user_app_orders USING btree (address_id);


--
-- Name: user_app_orders_coupon_id_31ee9148; Type: INDEX; Schema: public; Owner: postgres
--

CREATE INDEX user_app_orders_coupon_id_31ee9148 ON public.user_app_orders USING btree (coupon_id);


--
-- Name: user_app_orders_orderID_cbf5651e_like; Type: INDEX; Schema: public; Owner: postgres
--

CREATE INDEX "user_app_orders_orderID_cbf5651e_like" ON public.user_app_orders USING btree ("orderID" varchar_pattern_ops);


--
-- Name: user_app_orders_user_id_4ddb6f1b; Type: INDEX; Schema: public; Owner: postgres
--

CREATE INDEX user_app_orders_user_id_4ddb6f1b ON public.user_app_orders USING btree (user_id);


--
-- Name: user_app_referral_referred_user_id_56b88ba9; Type: INDEX; Schema: public; Owner: postgres
--

CREATE INDEX user_app_referral_referred_user_id_56b88ba9 ON public.user_app_referral USING btree (referred_user_id);


--
-- Name: user_app_referral_referrer_id_b7d81be7; Type: INDEX; Schema: public; Owner: postgres
--

CREATE INDEX user_app_referral_referrer_id_b7d81be7 ON public.user_app_referral USING btree (referrer_id);


--
-- Name: user_app_review_product_id_0859d91c; Type: INDEX; Schema: public; Owner: postgres
--

CREATE INDEX user_app_review_product_id_0859d91c ON public.user_app_review USING btree (product_id);


--
-- Name: user_app_review_user_id_8e3a43e4; Type: INDEX; Schema: public; Owner: postgres
--

CREATE INDEX user_app_review_user_id_8e3a43e4 ON public.user_app_review USING btree (user_id);


--
-- Name: user_app_useraddress_user_id_10219517; Type: INDEX; Schema: public; Owner: postgres
--

CREATE INDEX user_app_useraddress_user_id_10219517 ON public.user_app_useraddress USING btree (user_id);


--
-- Name: user_app_wallet_user_id_91858889; Type: INDEX; Schema: public; Owner: postgres
--

CREATE INDEX user_app_wallet_user_id_91858889 ON public.user_app_wallet USING btree (user_id);


--
-- Name: user_app_wallettransaction_order_id_df50cfc9; Type: INDEX; Schema: public; Owner: postgres
--

CREATE INDEX user_app_wallettransaction_order_id_df50cfc9 ON public.user_app_wallettransaction USING btree (order_id);


--
-- Name: user_app_wallettransaction_transactionID_e6b36cb7_like; Type: INDEX; Schema: public; Owner: postgres
--

CREATE INDEX "user_app_wallettransaction_transactionID_e6b36cb7_like" ON public.user_app_wallettransaction USING btree ("transactionID" varchar_pattern_ops);


--
-- Name: user_app_wallettransaction_wallet_id_62dd6c2e; Type: INDEX; Schema: public; Owner: postgres
--

CREATE INDEX user_app_wallettransaction_wallet_id_62dd6c2e ON public.user_app_wallettransaction USING btree (wallet_id);


--
-- Name: user_app_wishlist_user_id_4996dcb5; Type: INDEX; Schema: public; Owner: postgres
--

CREATE INDEX user_app_wishlist_user_id_4996dcb5 ON public.user_app_wishlist USING btree (user_id);


--
-- Name: user_app_wishlistitem_product_id_a4b1460c; Type: INDEX; Schema: public; Owner: postgres
--

CREATE INDEX user_app_wishlistitem_product_id_a4b1460c ON public.user_app_wishlistitem USING btree (product_id);


--
-- Name: user_app_wishlistitem_wishlist_id_d7279a41; Type: INDEX; Schema: public; Owner: postgres
--

CREATE INDEX user_app_wishlistitem_wishlist_id_d7279a41 ON public.user_app_wishlistitem USING btree (wishlist_id);


--
-- Name: account_emailaddress account_emailaddress_user_id_2c513194_fk_user_app_customuser_id; Type: FK CONSTRAINT; Schema: public; Owner: postgres
--

ALTER TABLE ONLY public.account_emailaddress
    ADD CONSTRAINT account_emailaddress_user_id_2c513194_fk_user_app_customuser_id FOREIGN KEY (user_id) REFERENCES public.user_app_customuser(id) DEFERRABLE INITIALLY DEFERRED;


--
-- Name: account_emailconfirmation account_emailconfirm_email_address_id_5b7f8c58_fk_account_e; Type: FK CONSTRAINT; Schema: public; Owner: postgres
--

ALTER TABLE ONLY public.account_emailconfirmation
    ADD CONSTRAINT account_emailconfirm_email_address_id_5b7f8c58_fk_account_e FOREIGN KEY (email_address_id) REFERENCES public.account_emailaddress(id) DEFERRABLE INITIALLY DEFERRED;


--
-- Name: admin_app_categoryoffer admin_app_categoryof_category_id_e681be03_fk_admin_app; Type: FK CONSTRAINT; Schema: public; Owner: postgres
--

ALTER TABLE ONLY public.admin_app_categoryoffer
    ADD CONSTRAINT admin_app_categoryof_category_id_e681be03_fk_admin_app FOREIGN KEY (category_id) REFERENCES public.admin_app_category(id) DEFERRABLE INITIALLY DEFERRED;


--
-- Name: admin_app_couponusage admin_app_couponusag_user_id_ba37be27_fk_user_app_; Type: FK CONSTRAINT; Schema: public; Owner: postgres
--

ALTER TABLE ONLY public.admin_app_couponusage
    ADD CONSTRAINT admin_app_couponusag_user_id_ba37be27_fk_user_app_ FOREIGN KEY (user_id) REFERENCES public.user_app_customuser(id) DEFERRABLE INITIALLY DEFERRED;


--
-- Name: admin_app_couponusage admin_app_couponusage_coupon_id_4c7f1ca5_fk_admin_app_coupon_id; Type: FK CONSTRAINT; Schema: public; Owner: postgres
--

ALTER TABLE ONLY public.admin_app_couponusage
    ADD CONSTRAINT admin_app_couponusage_coupon_id_4c7f1ca5_fk_admin_app_coupon_id FOREIGN KEY (coupon_id) REFERENCES public.admin_app_coupon(id) DEFERRABLE INITIALLY DEFERRED;


--
-- Name: admin_app_productimage admin_app_productima_product_id_cb441fc7_fk_admin_app; Type: FK CONSTRAINT; Schema: public; Owner: postgres
--

ALTER TABLE ONLY public.admin_app_productimage
    ADD CONSTRAINT admin_app_productima_product_id_cb441fc7_fk_admin_app FOREIGN KEY (product_id) REFERENCES public.admin_app_products(id) DEFERRABLE INITIALLY DEFERRED;


--
-- Name: admin_app_productoffer admin_app_productoff_product_id_a24cac35_fk_admin_app; Type: FK CONSTRAINT; Schema: public; Owner: postgres
--

ALTER TABLE ONLY public.admin_app_productoffer
    ADD CONSTRAINT admin_app_productoff_product_id_a24cac35_fk_admin_app FOREIGN KEY (product_id) REFERENCES public.admin_app_products(id) DEFERRABLE INITIALLY DEFERRED;


--
-- Name: admin_app_products admin_app_products_category_id_5efa0b3a_fk_admin_app; Type: FK CONSTRAINT; Schema: public; Owner: postgres
--

ALTER TABLE ONLY public.admin_app_products
    ADD CONSTRAINT admin_app_products_category_id_5efa0b3a_fk_admin_app FOREIGN KEY (category_id) REFERENCES public.admin_app_category(id) DEFERRABLE INITIALLY DEFERRED;


--
-- Name: admin_app_productvariant admin_app_productvar_product_id_654e8904_fk_admin_app; Type: FK CONSTRAINT; Schema: public; Owner: postgres
--

ALTER TABLE ONLY public.admin_app_productvariant
    ADD CONSTRAINT admin_app_productvar_product_id_654e8904_fk_admin_app FOREIGN KEY (product_id) REFERENCES public.admin_app_products(id) DEFERRABLE INITIALLY DEFERRED;


--
-- Name: auth_group_permissions auth_group_permissio_permission_id_84c5c92e_fk_auth_perm; Type: FK CONSTRAINT; Schema: public; Owner: postgres
--

ALTER TABLE ONLY public.auth_group_permissions
    ADD CONSTRAINT auth_group_permissio_permission_id_84c5c92e_fk_auth_perm FOREIGN KEY (permission_id) REFERENCES public.auth_permission(id) DEFERRABLE INITIALLY DEFERRED;


--
-- Name: auth_group_permissions auth_group_permissions_group_id_b120cbf9_fk_auth_group_id; Type: FK CONSTRAINT; Schema: public; Owner: postgres
--

ALTER TABLE ONLY public.auth_group_permissions
    ADD CONSTRAINT auth_group_permissions_group_id_b120cbf9_fk_auth_group_id FOREIGN KEY (group_id) REFERENCES public.auth_group(id) DEFERRABLE INITIALLY DEFERRED;


--
-- Name: auth_permission auth_permission_content_type_id_2f476e4b_fk_django_co; Type: FK CONSTRAINT; Schema: public; Owner: postgres
--

ALTER TABLE ONLY public.auth_permission
    ADD CONSTRAINT auth_permission_content_type_id_2f476e4b_fk_django_co FOREIGN KEY (content_type_id) REFERENCES public.django_content_type(id) DEFERRABLE INITIALLY DEFERRED;


--
-- Name: django_admin_log django_admin_log_content_type_id_c4bce8eb_fk_django_co; Type: FK CONSTRAINT; Schema: public; Owner: postgres
--

ALTER TABLE ONLY public.django_admin_log
    ADD CONSTRAINT django_admin_log_content_type_id_c4bce8eb_fk_django_co FOREIGN KEY (content_type_id) REFERENCES public.django_content_type(id) DEFERRABLE INITIALLY DEFERRED;


--
-- Name: django_admin_log django_admin_log_user_id_c564eba6_fk_user_app_customuser_id; Type: FK CONSTRAINT; Schema: public; Owner: postgres
--

ALTER TABLE ONLY public.django_admin_log
    ADD CONSTRAINT django_admin_log_user_id_c564eba6_fk_user_app_customuser_id FOREIGN KEY (user_id) REFERENCES public.user_app_customuser(id) DEFERRABLE INITIALLY DEFERRED;


--
-- Name: socialaccount_socialtoken socialaccount_social_account_id_951f210e_fk_socialacc; Type: FK CONSTRAINT; Schema: public; Owner: postgres
--

ALTER TABLE ONLY public.socialaccount_socialtoken
    ADD CONSTRAINT socialaccount_social_account_id_951f210e_fk_socialacc FOREIGN KEY (account_id) REFERENCES public.socialaccount_socialaccount(id) DEFERRABLE INITIALLY DEFERRED;


--
-- Name: socialaccount_socialtoken socialaccount_social_app_id_636a42d7_fk_socialacc; Type: FK CONSTRAINT; Schema: public; Owner: postgres
--

ALTER TABLE ONLY public.socialaccount_socialtoken
    ADD CONSTRAINT socialaccount_social_app_id_636a42d7_fk_socialacc FOREIGN KEY (app_id) REFERENCES public.socialaccount_socialapp(id) DEFERRABLE INITIALLY DEFERRED;


--
-- Name: socialaccount_socialapp_sites socialaccount_social_site_id_2579dee5_fk_django_si; Type: FK CONSTRAINT; Schema: public; Owner: postgres
--

ALTER TABLE ONLY public.socialaccount_socialapp_sites
    ADD CONSTRAINT socialaccount_social_site_id_2579dee5_fk_django_si FOREIGN KEY (site_id) REFERENCES public.django_site(id) DEFERRABLE INITIALLY DEFERRED;


--
-- Name: socialaccount_socialapp_sites socialaccount_social_socialapp_id_97fb6e7d_fk_socialacc; Type: FK CONSTRAINT; Schema: public; Owner: postgres
--

ALTER TABLE ONLY public.socialaccount_socialapp_sites
    ADD CONSTRAINT socialaccount_social_socialapp_id_97fb6e7d_fk_socialacc FOREIGN KEY (socialapp_id) REFERENCES public.socialaccount_socialapp(id) DEFERRABLE INITIALLY DEFERRED;


--
-- Name: socialaccount_socialaccount socialaccount_social_user_id_8146e70c_fk_user_app_; Type: FK CONSTRAINT; Schema: public; Owner: postgres
--

ALTER TABLE ONLY public.socialaccount_socialaccount
    ADD CONSTRAINT socialaccount_social_user_id_8146e70c_fk_user_app_ FOREIGN KEY (user_id) REFERENCES public.user_app_customuser(id) DEFERRABLE INITIALLY DEFERRED;


--
-- Name: user_app_cart user_app_cart_user_id_56ed8503_fk_user_app_customuser_id; Type: FK CONSTRAINT; Schema: public; Owner: postgres
--

ALTER TABLE ONLY public.user_app_cart
    ADD CONSTRAINT user_app_cart_user_id_56ed8503_fk_user_app_customuser_id FOREIGN KEY (user_id) REFERENCES public.user_app_customuser(id) DEFERRABLE INITIALLY DEFERRED;


--
-- Name: user_app_cartitem user_app_cartitem_cart_id_d6a7c2f7_fk_user_app_cart_id; Type: FK CONSTRAINT; Schema: public; Owner: postgres
--

ALTER TABLE ONLY public.user_app_cartitem
    ADD CONSTRAINT user_app_cartitem_cart_id_d6a7c2f7_fk_user_app_cart_id FOREIGN KEY (cart_id) REFERENCES public.user_app_cart(id) DEFERRABLE INITIALLY DEFERRED;


--
-- Name: user_app_cartitem user_app_cartitem_product_id_eb0076f5_fk_admin_app; Type: FK CONSTRAINT; Schema: public; Owner: postgres
--

ALTER TABLE ONLY public.user_app_cartitem
    ADD CONSTRAINT user_app_cartitem_product_id_eb0076f5_fk_admin_app FOREIGN KEY (product_id) REFERENCES public.admin_app_productvariant(id) DEFERRABLE INITIALLY DEFERRED;


--
-- Name: user_app_customuser_groups user_app_customuser__customuser_id_32f0b28d_fk_user_app_; Type: FK CONSTRAINT; Schema: public; Owner: postgres
--

ALTER TABLE ONLY public.user_app_customuser_groups
    ADD CONSTRAINT user_app_customuser__customuser_id_32f0b28d_fk_user_app_ FOREIGN KEY (customuser_id) REFERENCES public.user_app_customuser(id) DEFERRABLE INITIALLY DEFERRED;


--
-- Name: user_app_customuser_user_permissions user_app_customuser__customuser_id_332b51e6_fk_user_app_; Type: FK CONSTRAINT; Schema: public; Owner: postgres
--

ALTER TABLE ONLY public.user_app_customuser_user_permissions
    ADD CONSTRAINT user_app_customuser__customuser_id_332b51e6_fk_user_app_ FOREIGN KEY (customuser_id) REFERENCES public.user_app_customuser(id) DEFERRABLE INITIALLY DEFERRED;


--
-- Name: user_app_customuser_user_permissions user_app_customuser__permission_id_d83009ba_fk_auth_perm; Type: FK CONSTRAINT; Schema: public; Owner: postgres
--

ALTER TABLE ONLY public.user_app_customuser_user_permissions
    ADD CONSTRAINT user_app_customuser__permission_id_d83009ba_fk_auth_perm FOREIGN KEY (permission_id) REFERENCES public.auth_permission(id) DEFERRABLE INITIALLY DEFERRED;


--
-- Name: user_app_customuser_groups user_app_customuser_groups_group_id_1a21435f_fk_auth_group_id; Type: FK CONSTRAINT; Schema: public; Owner: postgres
--

ALTER TABLE ONLY public.user_app_customuser_groups
    ADD CONSTRAINT user_app_customuser_groups_group_id_1a21435f_fk_auth_group_id FOREIGN KEY (group_id) REFERENCES public.auth_group(id) DEFERRABLE INITIALLY DEFERRED;


--
-- Name: user_app_customuser user_app_customuser_referred_by_id_26dcc033_fk_user_app_; Type: FK CONSTRAINT; Schema: public; Owner: postgres
--

ALTER TABLE ONLY public.user_app_customuser
    ADD CONSTRAINT user_app_customuser_referred_by_id_26dcc033_fk_user_app_ FOREIGN KEY (referred_by_id) REFERENCES public.user_app_customuser(id) DEFERRABLE INITIALLY DEFERRED;


--
-- Name: user_app_orderitem user_app_orderitem_order_id_a77ccb9e_fk_user_app_orders_id; Type: FK CONSTRAINT; Schema: public; Owner: postgres
--

ALTER TABLE ONLY public.user_app_orderitem
    ADD CONSTRAINT user_app_orderitem_order_id_a77ccb9e_fk_user_app_orders_id FOREIGN KEY (order_id) REFERENCES public.user_app_orders(id) DEFERRABLE INITIALLY DEFERRED;


--
-- Name: user_app_orderitem user_app_orderitem_product_id_f7eee58c_fk_admin_app; Type: FK CONSTRAINT; Schema: public; Owner: postgres
--

ALTER TABLE ONLY public.user_app_orderitem
    ADD CONSTRAINT user_app_orderitem_product_id_f7eee58c_fk_admin_app FOREIGN KEY (product_id) REFERENCES public.admin_app_productvariant(id) DEFERRABLE INITIALLY DEFERRED;


--
-- Name: user_app_orderreturn user_app_orderreturn_item_id_d0035f7d_fk_user_app_orderitem_id; Type: FK CONSTRAINT; Schema: public; Owner: postgres
--

ALTER TABLE ONLY public.user_app_orderreturn
    ADD CONSTRAINT user_app_orderreturn_item_id_d0035f7d_fk_user_app_orderitem_id FOREIGN KEY (item_id) REFERENCES public.user_app_orderitem(id) DEFERRABLE INITIALLY DEFERRED;


--
-- Name: user_app_orderreturn user_app_orderreturn_user_id_65cc33fe_fk_user_app_customuser_id; Type: FK CONSTRAINT; Schema: public; Owner: postgres
--

ALTER TABLE ONLY public.user_app_orderreturn
    ADD CONSTRAINT user_app_orderreturn_user_id_65cc33fe_fk_user_app_customuser_id FOREIGN KEY (user_id) REFERENCES public.user_app_customuser(id) DEFERRABLE INITIALLY DEFERRED;


--
-- Name: user_app_orders user_app_orders_address_id_2db1bde1_fk_user_app_useraddress_id; Type: FK CONSTRAINT; Schema: public; Owner: postgres
--

ALTER TABLE ONLY public.user_app_orders
    ADD CONSTRAINT user_app_orders_address_id_2db1bde1_fk_user_app_useraddress_id FOREIGN KEY (address_id) REFERENCES public.user_app_useraddress(id) DEFERRABLE INITIALLY DEFERRED;


--
-- Name: user_app_orders user_app_orders_coupon_id_31ee9148_fk_admin_app_coupon_id; Type: FK CONSTRAINT; Schema: public; Owner: postgres
--

ALTER TABLE ONLY public.user_app_orders
    ADD CONSTRAINT user_app_orders_coupon_id_31ee9148_fk_admin_app_coupon_id FOREIGN KEY (coupon_id) REFERENCES public.admin_app_coupon(id) DEFERRABLE INITIALLY DEFERRED;


--
-- Name: user_app_orders user_app_orders_user_id_4ddb6f1b_fk_user_app_customuser_id; Type: FK CONSTRAINT; Schema: public; Owner: postgres
--

ALTER TABLE ONLY public.user_app_orders
    ADD CONSTRAINT user_app_orders_user_id_4ddb6f1b_fk_user_app_customuser_id FOREIGN KEY (user_id) REFERENCES public.user_app_customuser(id) DEFERRABLE INITIALLY DEFERRED;


--
-- Name: user_app_referral user_app_referral_referred_user_id_56b88ba9_fk_user_app_; Type: FK CONSTRAINT; Schema: public; Owner: postgres
--

ALTER TABLE ONLY public.user_app_referral
    ADD CONSTRAINT user_app_referral_referred_user_id_56b88ba9_fk_user_app_ FOREIGN KEY (referred_user_id) REFERENCES public.user_app_customuser(id) DEFERRABLE INITIALLY DEFERRED;


--
-- Name: user_app_referral user_app_referral_referrer_id_b7d81be7_fk_user_app_; Type: FK CONSTRAINT; Schema: public; Owner: postgres
--

ALTER TABLE ONLY public.user_app_referral
    ADD CONSTRAINT user_app_referral_referrer_id_b7d81be7_fk_user_app_ FOREIGN KEY (referrer_id) REFERENCES public.user_app_customuser(id) DEFERRABLE INITIALLY DEFERRED;


--
-- Name: user_app_review user_app_review_product_id_0859d91c_fk_admin_app; Type: FK CONSTRAINT; Schema: public; Owner: postgres
--

ALTER TABLE ONLY public.user_app_review
    ADD CONSTRAINT user_app_review_product_id_0859d91c_fk_admin_app FOREIGN KEY (product_id) REFERENCES public.admin_app_productvariant(id) DEFERRABLE INITIALLY DEFERRED;


--
-- Name: user_app_review user_app_review_user_id_8e3a43e4_fk_user_app_customuser_id; Type: FK CONSTRAINT; Schema: public; Owner: postgres
--

ALTER TABLE ONLY public.user_app_review
    ADD CONSTRAINT user_app_review_user_id_8e3a43e4_fk_user_app_customuser_id FOREIGN KEY (user_id) REFERENCES public.user_app_customuser(id) DEFERRABLE INITIALLY DEFERRED;


--
-- Name: user_app_useraddress user_app_useraddress_user_id_10219517_fk_user_app_customuser_id; Type: FK CONSTRAINT; Schema: public; Owner: postgres
--

ALTER TABLE ONLY public.user_app_useraddress
    ADD CONSTRAINT user_app_useraddress_user_id_10219517_fk_user_app_customuser_id FOREIGN KEY (user_id) REFERENCES public.user_app_customuser(id) DEFERRABLE INITIALLY DEFERRED;


--
-- Name: user_app_wallet user_app_wallet_user_id_91858889_fk_user_app_customuser_id; Type: FK CONSTRAINT; Schema: public; Owner: postgres
--

ALTER TABLE ONLY public.user_app_wallet
    ADD CONSTRAINT user_app_wallet_user_id_91858889_fk_user_app_customuser_id FOREIGN KEY (user_id) REFERENCES public.user_app_customuser(id) DEFERRABLE INITIALLY DEFERRED;


--
-- Name: user_app_wallettransaction user_app_wallettrans_order_id_df50cfc9_fk_user_app_; Type: FK CONSTRAINT; Schema: public; Owner: postgres
--

ALTER TABLE ONLY public.user_app_wallettransaction
    ADD CONSTRAINT user_app_wallettrans_order_id_df50cfc9_fk_user_app_ FOREIGN KEY (order_id) REFERENCES public.user_app_orders(id) DEFERRABLE INITIALLY DEFERRED;


--
-- Name: user_app_wallettransaction user_app_wallettrans_wallet_id_62dd6c2e_fk_user_app_; Type: FK CONSTRAINT; Schema: public; Owner: postgres
--

ALTER TABLE ONLY public.user_app_wallettransaction
    ADD CONSTRAINT user_app_wallettrans_wallet_id_62dd6c2e_fk_user_app_ FOREIGN KEY (wallet_id) REFERENCES public.user_app_wallet(id) DEFERRABLE INITIALLY DEFERRED;


--
-- Name: user_app_wishlist user_app_wishlist_user_id_4996dcb5_fk_user_app_customuser_id; Type: FK CONSTRAINT; Schema: public; Owner: postgres
--

ALTER TABLE ONLY public.user_app_wishlist
    ADD CONSTRAINT user_app_wishlist_user_id_4996dcb5_fk_user_app_customuser_id FOREIGN KEY (user_id) REFERENCES public.user_app_customuser(id) DEFERRABLE INITIALLY DEFERRED;


--
-- Name: user_app_wishlistitem user_app_wishlistite_product_id_a4b1460c_fk_admin_app; Type: FK CONSTRAINT; Schema: public; Owner: postgres
--

ALTER TABLE ONLY public.user_app_wishlistitem
    ADD CONSTRAINT user_app_wishlistite_product_id_a4b1460c_fk_admin_app FOREIGN KEY (product_id) REFERENCES public.admin_app_productvariant(id) DEFERRABLE INITIALLY DEFERRED;


--
-- Name: user_app_wishlistitem user_app_wishlistite_wishlist_id_d7279a41_fk_user_app_; Type: FK CONSTRAINT; Schema: public; Owner: postgres
--

ALTER TABLE ONLY public.user_app_wishlistitem
    ADD CONSTRAINT user_app_wishlistite_wishlist_id_d7279a41_fk_user_app_ FOREIGN KEY (wishlist_id) REFERENCES public.user_app_wishlist(id) DEFERRABLE INITIALLY DEFERRED;


--
-- PostgreSQL database dump complete
--

\unrestrict s1mWckCj7fCagOwrQ3uKKGxubDHWA4peG3rw3LhDcfXRunCcaOFnuazjPA15GtL

